Source,Target,转发时间
电视剧琉璃,·超好笑喔·,2020-08-18 18:50:07
电视剧琉璃,杨绵绵Y,2020-08-18 18:51:10
电视剧琉璃,岑纤123,2020-08-18 18:51:14
电视剧琉璃,淇淇怪怪小可爱,2020-08-18 18:51:49
电视剧琉璃,bule星夜,2020-08-18 18:52:19
电视剧琉璃,我爱追剧1968,2020-08-18 18:52:43
电视剧琉璃,plasua,2020-08-18 18:54:03
电视剧琉璃,今天有为他努力吗,2020-08-18 18:55:02
电视剧琉璃,没事吧你没事吧没事就多喝热水,2020-08-18 18:55:24
电视剧琉璃,笛中问折柳,2020-08-18 18:56:47
电视剧琉璃,·奇迹犽犽·,2020-08-18 18:57:52
电视剧琉璃,好好爱徐同学,2020-08-18 18:58:24
电视剧琉璃,喝水就会打嗝,2020-08-18 18:58:28
电视剧琉璃,-qyxs-,2020-08-18 18:59:26
电视剧琉璃,Knight·虞书欣,2020-08-18 19:01:32
电视剧琉璃,小柚柚柚柚柚柚啊,2020-08-18 19:02:33
电视剧琉璃,暖阳Tsui,2020-08-18 19:04:29
电视剧琉璃,是咸的喔,2020-08-18 19:06:05
电视剧琉璃,leonor2,2020-08-18 19:06:39
电视剧琉璃,Whale-AAA,2020-08-18 19:06:45
电视剧琉璃,是咸的喔,2020-08-18 19:07:01
电视剧琉璃,是咸的喔,2020-08-18 19:07:54
电视剧琉璃,羊羊羊-_-咩,2020-08-18 19:08:20
电视剧琉璃,在逃睡美人-,2020-08-18 19:08:21
电视剧琉璃,成馨cy,2020-08-18 19:09:56
电视剧琉璃,Enoughempty,2020-08-18 19:10:12
电视剧琉璃,今生遇见999999999的吐奶璐,2020-08-18 19:11:17
电视剧琉璃,一口柠檬味的汽水,2020-08-18 19:12:27
电视剧琉璃,wowowowowo喔,2020-08-18 19:15:13
电视剧琉璃,施主不怕我不吃人,2020-08-18 19:19:25
电视剧琉璃,是彭小胖呐,2020-08-18 19:23:36
电视剧琉璃,安灵要健康,2020-08-18 19:23:55
电视剧琉璃,是快乐小饼干,2020-08-18 19:24:06
电视剧琉璃,北音清越Yakira,2020-08-18 19:24:25
电视剧琉璃,开心WQ,2020-08-18 19:25:17
电视剧琉璃,绿化海带,2020-08-18 19:26:45
电视剧琉璃,用户6418560012,2020-08-18 19:29:26
电视剧琉璃,·Gallon·,2020-08-18 19:29:49
电视剧琉璃,宇宙小可爱第三名,2020-08-18 19:30:03
电视剧琉璃,满脑子都是你丫,2020-08-18 19:30:31
电视剧琉璃,wjxjx81,2020-08-18 19:30:37
电视剧琉璃,虎头虎脑的胖胖,2020-08-18 19:31:02
电视剧琉璃,央央不吃香菜不吃豆芽,2020-08-18 19:31:51
电视剧琉璃,超级累的我,2020-08-18 19:32:42
电视剧琉璃,肖瑶小兔,2020-08-18 19:33:02
电视剧琉璃,·人間忽逢晚,2020-08-18 19:33:20
电视剧琉璃,惡貫慢盈,2020-08-18 19:33:55
电视剧琉璃,ka_阿囡最嗲嗲,2020-08-18 19:33:59
电视剧琉璃,我的就是我的_85051,2020-08-18 19:34:10
电视剧琉璃,love微笑感染了苦涩,2020-08-18 19:34:30
电视剧琉璃,桃笎奈奈生,2020-08-18 19:34:37
电视剧琉璃,我的小森林nn,2020-08-18 19:34:58
电视剧琉璃,茶之酒儿,2020-08-18 19:35:49
电视剧琉璃,Ner0-9,2020-08-18 19:36:00
电视剧琉璃,海洋星砂,2020-08-18 19:36:01
电视剧琉璃,峰峰是个小太阳身上充满正能量,2020-08-18 19:36:14
电视剧琉璃,宋枳__,2020-08-18 19:36:37
电视剧琉璃,简拾遗可解忧,2020-08-18 19:37:28
电视剧琉璃,有完妹完,2020-08-18 19:38:59
电视剧琉璃,咬一口草莓大福_,2020-08-18 19:39:02
电视剧琉璃,馋zzy的身子,2020-08-18 19:39:19
电视剧琉璃,至之至至之至,2020-08-18 19:39:52
电视剧琉璃,栀木木01,2020-08-18 19:41:19
电视剧琉璃,土拨鼠以出走,2020-08-18 19:42:02
电视剧琉璃,铃儿响盯当,2020-08-18 19:42:12
电视剧琉璃,AD钙奶·源,2020-08-18 19:42:28
电视剧琉璃,微凉徒眸意浅挚半14268,2020-08-18 19:42:29
电视剧琉璃,TaroBallsWag,2020-08-18 19:43:48
电视剧琉璃,故里归长安呀z,2020-08-18 19:43:53
电视剧琉璃,小娃娃6204,2020-08-18 19:43:53
电视剧琉璃,Aoiiiiiiiiiiiii,2020-08-18 19:45:08
电视剧琉璃,快乐小窝-17,2020-08-18 19:45:50
电视剧琉璃,星闪闪曦,2020-08-18 19:47:03
电视剧琉璃,不知道取什么名字2021,2020-08-18 19:47:30
电视剧琉璃,Babysbreath2sky,2020-08-18 19:48:11
电视剧琉璃,世界第一甜獭,2020-08-18 19:49:06
电视剧琉璃,小娃娃6204,2020-08-18 19:49:39
电视剧琉璃,一叶小周舟,2020-08-18 19:49:52
电视剧琉璃,一大还真是念个天,2020-08-18 19:50:24
电视剧琉璃,薛洁洁滴小朋友717,2020-08-18 19:50:44
电视剧琉璃,Lily__96,2020-08-18 19:52:31
电视剧琉璃,我不吃鱼鱼鱼y,2020-08-18 19:53:54
电视剧琉璃,Evannismxin,2020-08-18 19:54:08
电视剧琉璃,我是你的段三郎啊,2020-08-18 19:54:44
电视剧琉璃,想取个好名字kuromi,2020-08-18 19:55:06
电视剧琉璃,Gisele__H,2020-08-18 19:55:42
电视剧琉璃,唱跳演电竞全栖顶流偶像郭老师,2020-08-18 19:55:43
电视剧琉璃,小伏不睡觉要秃头,2020-08-18 19:56:15
电视剧琉璃,总攻大人是松子,2020-08-18 19:56:36
电视剧琉璃,我真的不可以再玩手机了,2020-08-18 19:56:52
电视剧琉璃,窗外的怪兽云,2020-08-18 19:57:11
电视剧琉璃,阿拉可鸽子,2020-08-18 19:58:16
电视剧琉璃,Lydia云彤,2020-08-18 19:59:08
电视剧琉璃,居居的沈美人,2020-08-18 19:59:31
电视剧琉璃,四季蚕豆,2020-08-18 19:59:42
电视剧琉璃,庄园在逃白菜,2020-08-18 20:00:52
电视剧琉璃,吃猪柳蛋和薯饼吗,2020-08-18 20:00:59
电视剧琉璃,悸味,2020-08-18 20:01:08
电视剧琉璃,媣婳YL,2020-08-18 20:01:12
电视剧琉璃,媣婳YL,2020-08-18 20:01:36
电视剧琉璃,无法被安排的雨Y,2020-08-18 20:01:53
电视剧琉璃,染月倾晴,2020-08-18 20:02:59
电视剧琉璃,哈仙有点甜,2020-08-18 20:03:16
电视剧琉璃,大壳31,2020-08-18 20:03:42
电视剧琉璃,崔悦·CY,2020-08-18 20:04:27
微博电视剧,高先生很高,2020-08-18 20:04:35
电视剧琉璃,Dazzle2666665in,2020-08-18 20:09:53
微博电视剧,正义的茹茹1798,2020-08-18 20:13:44
电视剧琉璃,草莓味可乐TT,2020-08-18 20:15:39
微博电视剧,原味苏啊,2020-08-18 20:16:35
电视剧琉璃,原味苏啊,2020-08-18 20:17:12
电视剧琉璃,哈哈哈哈笑死我了a,2020-08-18 20:19:31
电视剧琉璃,用户7289398262,2020-08-18 20:20:24
电视剧琉璃,你问我问谁,2020-08-18 20:22:23
俺八段酱,亭亭折一条,2020-08-18 20:24:08
俺八段酱,吸淇小马甲,2020-08-18 20:25:11
俺八段酱,吃草莓冠军,2020-08-18 20:25:26
俺八段酱,莫比乌斯环x,2020-08-18 20:26:18
俺八段酱,来罐冰淇淋,2020-08-18 20:28:46
俺八段酱,我是你的段三郎啊,2020-08-18 20:29:02
电视剧琉璃,予念北曦,2020-08-18 20:29:25
电视剧琉璃,不想被发现的吃瓜号,2020-08-18 20:29:45
俺八段酱,youlovebreezeandme,2020-08-18 20:30:04
俺八段酱,嵩儿颖颖子,2020-08-18 20:30:24
俺八段酱,一口奶黄包吖vv,2020-08-18 20:30:34
电视剧琉璃,求学路上的小透明,2020-08-18 20:31:05
俺八段酱,逍遥子神仙,2020-08-18 20:32:02
俺八段酱,那个风扇你住手,2020-08-18 20:32:05
电视剧琉璃,小猫咪的魔法少女生活,2020-08-18 20:32:17
俺八段酱,我就是这么水灵儿儿,2020-08-18 20:33:13
俺八段酱,啾0l酱,2020-08-18 20:33:40
电视剧琉璃,一边去1995,2020-08-18 20:33:41
俺八段酱,草莓味的大白一直都在,2020-08-18 20:34:48
微博电视剧,神秘的追星GIRL,2020-08-18 20:35:03
俺八段酱,私人快乐魔仙堡,2020-08-18 20:35:50
微博电视剧,gyc-啊沉,2020-08-18 20:35:55
电视剧琉璃,王族宝贝501,2020-08-18 20:36:30
俺八段酱,noelxchuj,2020-08-18 20:36:56
俺八段酱,遇见最好的自己v,2020-08-18 20:37:32
俺八段酱,药努力呀,2020-08-18 20:38:01
俺八段酱,可爱美少女小谢,2020-08-18 20:38:24
电视剧琉璃,神秘的追星GIRL,2020-08-18 20:38:31
电视剧琉璃,欧阳爱追剧,2020-08-18 20:39:31
俺八段酱,我要顶呱呱,2020-08-18 20:39:38
俺八段酱,LJQHM52099,2020-08-18 20:40:29
俺八段酱,别崩了叭,2020-08-18 20:40:40
俺八段酱,芦荟味儿的糖,2020-08-18 20:40:55
俺八段酱,沉迷miamor的蛋宝,2020-08-18 20:40:58
电视剧琉璃,鱼儿等花开,2020-08-18 20:40:58
俺八段酱,秋刀鱼会过期咩,2020-08-18 20:41:11
俺八段酱,小小小买,2020-08-18 20:41:56
俺八段酱,風过無尘丶,2020-08-18 20:42:09
电视剧琉璃,曦米花,2020-08-18 20:42:17
微博电视剧,BerryLeeeee,2020-08-18 20:42:27
电视剧琉璃,期待热巴与君初相识,2020-08-18 20:43:00
电视剧琉璃,唯爱吴小选2,2020-08-18 20:43:41
俺八段酱,lili甜妹养成手册,2020-08-18 20:43:49
俺八段酱,我真的不可以再玩手机了,2020-08-18 20:44:08
俺八段酱,不要哭了叭叭,2020-08-18 20:45:17
俺八段酱,深蓝微漾,2020-08-18 20:45:29
俺八段酱,小叶杨书,2020-08-18 20:45:33
电视剧琉璃,兔子的面瘫脸,2020-08-18 20:45:36
猫丸酱w,HikariMelody,2020-08-18 20:45:46
微博电视剧,xiaoye17190,2020-08-18 20:45:59
电视剧琉璃,noelxchuj,2020-08-18 20:46:06
电视剧琉璃,玊尔洁洁,2020-08-18 20:46:17
电视剧琉璃,找不到故事主人的流浪汉i,2020-08-18 20:46:22
电视剧琉璃,Acanyykx,2020-08-18 20:47:53
猫丸酱w,草莓忙果子,2020-08-18 20:47:58
猫丸酱w,云雨降巫山,2020-08-18 20:49:14
电视剧琉璃,安灵要健康,2020-08-18 20:49:16
电视剧琉璃,学道教育帮,2020-08-18 20:49:25
电视剧琉璃,安灵要健康,2020-08-18 20:49:35
电视剧琉璃,圆头圆脑圆肚皮bei,2020-08-18 20:49:42
电视剧琉璃,予念北曦,2020-08-18 20:50:06
猫丸酱w,叫你一声小猪敢答应吗,2020-08-18 20:51:31
俺八段酱,emm小猪佩琪,2020-08-18 20:53:58
猫丸酱w,Kaisoso慕,2020-08-18 20:54:40
优酷剧集,lxhhlb,2020-08-18 20:54:49
电视剧琉璃,小鱼游法海,2020-08-18 20:54:57
俺八段酱,暴打资本家,2020-08-18 20:56:15
电视剧琉璃,荷茝,2020-08-18 20:56:20
猫丸酱w,不能再做梦的大板烧,2020-08-18 20:56:52
猫丸酱w,是个狼人xx,2020-08-18 20:58:40
猫丸酱w,卢沟桥下玉搔头,2020-08-18 21:00:29
俺八段酱,采三,2020-08-18 21:00:50
电视剧琉璃,啃泰羊的bkf,2020-08-18 21:01:58
电视剧琉璃,米蝈糊,2020-08-18 21:02:26
俺八段酱,橙子味儿的小箱砸,2020-08-18 21:02:41
俺八段酱,明年音乐不挂科,2020-08-18 21:02:52
电视剧琉璃,正义的茹茹1798,2020-08-18 21:04:58
俺八段酱,东坡say扶冰,2020-08-18 21:05:10
猫丸酱w,wu勋莫拉罐,2020-08-18 21:05:55
猫丸酱w,吃辣会上头的小兔叽,2020-08-18 21:06:29
俺八段酱,M0e6n0g2,2020-08-18 21:07:58
电视剧琉璃,毒舌八万句,2020-08-18 21:08:39
电视剧琉璃,想見光h,2020-08-18 21:08:56
猫丸酱w,是今日锦鲤耶,2020-08-18 21:11:15
猫丸酱w,Rrrriiinn,2020-08-18 21:13:13
电视剧琉璃,半夏当归赴十年,2020-08-18 21:14:08
猫丸酱w,只只不是猪猪,2020-08-18 21:14:23
微博电视剧,昆仑冰川6107535883,2020-08-18 21:15:01
猫丸酱w,下野咪儿,2020-08-18 21:16:07
俺八段酱,GDXG1,2020-08-18 21:17:15
电视剧琉璃,me锐锐,2020-08-18 21:18:24
猫丸酱w,低温将烧,2020-08-18 21:18:34
猫丸酱w,叶不羞护妻小月月,2020-08-18 21:18:54
俺八段酱,G_ezelligheid-,2020-08-18 21:19:26
电视剧琉璃,叶不羞护妻小月月,2020-08-18 21:19:38
俺八段酱,山野朝霧satomo,2020-08-18 21:21:28
电视剧琉璃,白白胖胖的亭亭,2020-08-18 21:21:46
电视剧琉璃,怪怪的海绵宝宝,2020-08-18 21:24:57
微博电视剧,Niu-liu-6,2020-08-18 21:26:03
电视剧琉璃,娜小花,2020-08-18 21:26:46
黄宥明,似慵懒怪猫198212,2020-08-18 21:28:15
猫丸酱w,枕星空入夢,2020-08-18 21:28:38
黄宥明,晓彤你是我的女神,2020-08-18 21:28:46
黄宥明,樊任铎阳千铭坚宁,2020-08-18 21:29:21
猫丸酱w,莫少惜,2020-08-18 21:30:04
黄宥明,电视剧琉璃,2020-08-18 21:30:32
电视剧琉璃,胜意不及江河,2020-08-18 21:30:39
黄宥明,青髓鳶尾可熏衣_,2020-08-18 21:30:45
电视剧琉璃,-徐令宜是我的,2020-08-18 21:31:32
黄宥明,噜啦啦嘿wik,2020-08-18 21:32:25
电视剧琉璃,薄颜君,2020-08-18 21:33:04
猫丸酱w,来年迎娶小富婆,2020-08-18 21:33:11
黄宥明,张鱼小丸子Y3,2020-08-18 21:34:31
电视剧琉璃,娜小花,2020-08-18 21:34:47
俺八段酱,你的眼里有星辰大海1,2020-08-18 21:35:03
黄宥明,用户7323083341,2020-08-18 21:35:07
俺八段酱,取代-我,2020-08-18 21:35:14
俺八段酱,爱情一号逃兵,2020-08-18 21:35:18
电视剧琉璃,蓝色酸奶疙瘩,2020-08-18 21:37:26
俺八段酱,橘子皮好甜,2020-08-18 21:37:32
电视剧琉璃,蠢萌文景景,2020-08-18 21:39:59
电视剧琉璃,冰脆鲜奶包,2020-08-18 21:39:59
黄宥明,水晶葡萄东北推广大使,2020-08-18 21:40:58
黄宥明,曾涵江和沸羊羊,2020-08-18 21:42:08
黄宥明,智慧远航89,2020-08-18 21:43:20
电视剧琉璃,倾慕的冷ng羽儿,2020-08-18 21:43:22
电视剧琉璃,辣克世界,2020-08-18 21:44:49
黄宥明,沉梦听雨心微动,2020-08-18 21:45:22
微博电视剧,我还年轻依旧帅气,2020-08-18 21:45:25
黄宥明,西西小盆友u,2020-08-18 21:46:43
黄宥明,神明蛊惑的少女啊,2020-08-18 21:46:48
黄宥明,小狗康,2020-08-18 21:46:57
黄宥明,2020爱你爱你931207,2020-08-18 21:47:13
电视剧琉璃,去吃西多士,2020-08-18 21:47:42
黄宥明,贰柒意,2020-08-18 21:48:04
黄宥明,Lorelai小盆友,2020-08-18 21:48:53
电视剧琉璃,倾慕的冷ng羽儿,2020-08-18 21:48:54
黄宥明,酥皮牛油包,2020-08-18 21:49:45
黄宥明,我不是坏小孩jz,2020-08-18 21:49:46
黄宥明,李子无糖,2020-08-18 21:49:54
俺八段酱,321喜欢晴天,2020-08-18 21:50:09
黄宥明,朝天再借五百年,2020-08-18 21:50:10
电视剧琉璃,倾慕的冷ng羽儿,2020-08-18 21:50:25
电视剧琉璃,花一hbql,2020-08-18 21:50:31
俺八段酱,米斯卡,2020-08-18 21:50:49
黄宥明,melody啾啾啾,2020-08-18 21:51:05
俺八段酱,今天想超喝奶茶,2020-08-18 21:51:38
黄宥明,吃辣会上头的小兔叽,2020-08-18 21:52:04
黄宥明,夕夕子5376,2020-08-18 21:52:08
黄宥明,宣仪最好123,2020-08-18 21:52:43
电视剧琉璃,九月奇迹爱小兔,2020-08-18 21:53:18
俺八段酱,我有你手机号码,2020-08-18 21:53:43
黄宥明,仙七阿仙,2020-08-18 21:55:00
黄宥明,明流乐乐儿,2020-08-18 21:56:03
黄宥明,peasuk,2020-08-18 21:57:08
电视剧琉璃,Dazzle2666665in,2020-08-18 21:57:42
微博电视剧,一吱StayWithMe,2020-08-18 21:59:09
俺八段酱,快乐冲浪网友GaGa,2020-08-18 21:59:14
黄宥明,一只宅女而已,2020-08-18 22:01:08
电视剧琉璃,你就得开心,2020-08-18 22:01:13
俺八段酱,种花兄弟,2020-08-18 22:01:29
猫丸酱w,芝士蛋糕三分甜rrr,2020-08-18 22:02:10
俺八段酱,最有特色的厉害球,2020-08-18 22:02:18
优酷剧集,盐不可失味,2020-08-18 22:02:35
微博电视剧,九夜ler,2020-08-18 22:02:48
猫丸酱w,话痨假艺术家,2020-08-18 22:05:07
猫丸酱w,话痨假艺术家,2020-08-18 22:05:27
猫丸酱w,喝快乐水吗,2020-08-18 22:05:28
猫丸酱w,夏夏还是夏夏i,2020-08-18 22:05:32
猫丸酱w,雪碧可乐都好好喝,2020-08-18 22:05:33
猫丸酱w,蓝莓味快乐,2020-08-18 22:05:43
张予曦studio,电视剧琉璃,2020-08-18 22:05:51
黄宥明,晚上吃汤圆哦,2020-08-18 22:05:57
猫丸酱w,kolla-,2020-08-18 22:06:00
张予曦studio,Bunny·小江啊,2020-08-18 22:06:06
猫丸酱w,一块海绵的爱情,2020-08-18 22:06:06
猫丸酱w,霸道花城爱上我,2020-08-18 22:06:10
黄宥明,一碗红烧瘦肉55,2020-08-18 22:06:16
张予曦studio,哈哈哈哈笑死我了a,2020-08-18 22:06:19
猫丸酱w,老生白鸟,2020-08-18 22:06:32
猫丸酱w,少女钱钱在长安,2020-08-18 22:06:43
张予曦studio,四七还是47,2020-08-18 22:06:49
猫丸酱w,每天开心呀555,2020-08-18 22:07:09
猫丸酱w,线下轻度尴尬患者,2020-08-18 22:07:09
猫丸酱w,梅雨不是雨,2020-08-18 22:07:15
张予曦studio,2021·过去完成时,2020-08-18 22:07:22
猫丸酱w,阿杰路,2020-08-18 22:07:25
黄宥明,EV_I_GI,2020-08-18 22:07:42
张予曦studio,EV_I_GI,2020-08-18 22:07:57
Bunny小课堂,今天又没长胖,2020-08-18 22:08:12
Bunny小课堂,许三观嘿,2020-08-18 22:08:29
微博电视剧,LAN要加油鸭,2020-08-18 22:08:51
Bunny小课堂,islandBass,2020-08-18 22:08:56
Bunny小课堂,爱丁春,2020-08-18 22:09:42
猫丸酱w,流星雨解毒片i,2020-08-18 22:10:06
Bunny小课堂,像仙儿一样活着,2020-08-18 22:10:06
俺八段酱,芝士蛋糕三分甜rrr,2020-08-18 22:10:40
张予曦studio,原味苏啊,2020-08-18 22:12:37
黄宥明,p0130,2020-08-18 22:12:44
猫丸酱w,-几个意思-,2020-08-18 22:13:48
猫丸酱w,你怕是好不了了啊,2020-08-18 22:15:01
Bunny小课堂,小丸子美食达人,2020-08-18 22:15:18
Lotte-F,困住梦里通天塔,2020-08-18 22:15:20
黄宥明,一只宅女而已,2020-08-18 22:15:50
Lotte-F,爱耀永动机,2020-08-18 22:16:18
猫丸酱w,sakuradddtou,2020-08-18 22:16:54
黄宥明,十七杯柠檬水,2020-08-18 22:17:10
Lotte-F,lllllnnc,2020-08-18 22:17:58
Lotte-F,一碗红烧瘦肉55,2020-08-18 22:17:59
微博电视剧,星月夜夜夜夜,2020-08-18 22:18:03
Lotte-F,o_OIn201804,2020-08-18 22:18:23
Lotte-F,塞外孤鸿不许约,2020-08-18 22:18:39
Lotte-F,o_OIn,2020-08-18 22:19:06
Lotte-F,lockBC,2020-08-18 22:19:13
Lotte-F,洋柠檬不柠,2020-08-18 22:19:26
Lotte-F,a啾啾咕噜啾啾比巴卜,2020-08-18 22:19:58
Lotte-F,禾月的茶,2020-08-18 22:20:41
Lotte-F,今晚吃个火龙果,2020-08-18 22:20:52
Lotte-F,我会忘了你慧华,2020-08-18 22:20:57
Lotte-F,现男友是过去式,2020-08-18 22:21:02
Bunny小课堂,每天来吃瓜8,2020-08-18 22:21:07
Lotte-F,菠萝喜欢吃草莓,2020-08-18 22:21:21
Lotte-F,认真搬砖的小猪,2020-08-18 22:22:07
Bunny小课堂,这是于三岁的微博,2020-08-18 22:22:16
Lotte-F,逝水年华终不还,2020-08-18 22:22:16
Lotte-F,佃户小姐,2020-08-18 22:22:23
Lotte-F,司马要来当锦鲤oooyep,2020-08-18 22:22:24
Lotte-F,吻柠檬少年,2020-08-18 22:22:30
Lotte-F,突然唱歌小狗哦,2020-08-18 22:22:49
Lotte-F,逸晗小姑娘,2020-08-18 22:22:55
Bunny小课堂,潮流悦儿,2020-08-18 22:23:17
Lotte-F,猪猪佩琦嗯,2020-08-18 22:23:26
Lotte-F,锁定你的眼,2020-08-18 22:23:27
Lotte-F,婷婷36C,2020-08-18 22:23:28
Lotte-F,小羊的QQ糖,2020-08-18 22:23:38
Lotte-F,一个人的旁观,2020-08-18 22:23:39
Lotte-F,小阿可不悔,2020-08-18 22:24:13
Lotte-F,点点滴滴zxxhl,2020-08-18 22:24:21
Lotte-F,超级无敌小仙女佩琦,2020-08-18 22:24:35
Lotte-F,甜果小夏,2020-08-18 22:24:37
Lotte-F,叶向荣XR,2020-08-18 22:24:39
Bunny小课堂,街角式谈情,2020-08-18 22:25:13
Lotte-F,养奎达人,2020-08-18 22:25:29
Lotte-F,熙光542,2020-08-18 22:25:34
Lotte-F,shuxhxndn,2020-08-18 22:25:38
电视剧琉璃,薄颜君,2020-08-18 22:26:25
Lotte-F,Jwij怵,2020-08-18 22:26:47
张予曦studio,YY20790,2020-08-18 22:26:47
Lotte-F,中衣你a,2020-08-18 22:26:52
Lotte-F,天天都想吃火锅怎么办,2020-08-18 22:27:05
Lotte-F,林翠华XR,2020-08-18 22:27:25
电视剧琉璃,焦虑的熊孩子,2020-08-18 22:27:37
Lotte-F,dykmy,2020-08-18 22:28:28
Lotte-F,ashenones,2020-08-18 22:28:40
微博电视剧,沙丁鱼子酱16,2020-08-18 22:28:41
Lotte-F,向前前行不回头,2020-08-18 22:28:46
Lotte-F,每天开心一点点_,2020-08-18 22:29:46
Lotte-F,哥谭市帝企鹅头号饲养员,2020-08-18 22:30:02
俺八段酱,温雨柔zizi,2020-08-18 22:30:20
Lotte-F,孔欧尼桑,2020-08-18 22:30:22
Lotte-F,双子嫣然一笑-958,2020-08-18 22:30:46
Bunny小课堂,我就是这么水灵儿儿,2020-08-18 22:30:59
Lotte-F,潇洒流潋紫,2020-08-18 22:31:17
Lotte-F,熊出没请注意822,2020-08-18 22:31:22
张予曦studio,胖怕不我z_,2020-08-18 22:31:25
电视剧琉璃,伍音荀,2020-08-18 22:31:27
Lotte-F,savo7787,2020-08-18 22:31:30
Lotte-F,香菇续西北,2020-08-18 22:31:39
张予曦studio,酸奶疙瘩味小丸子,2020-08-18 22:31:57
黄宥明,七妙誋忔,2020-08-18 22:32:01
Lotte-F,小小yi的drem,2020-08-18 22:32:37
黄宥明,媣婳YL,2020-08-18 22:33:34
Lotte-F,yyy-啦啦啦,2020-08-18 22:33:41
Lotte-F,阿酥sullllll-,2020-08-18 22:33:46
电视剧琉璃,明净2120127471,2020-08-18 22:34:37
Lotte-F,遮掩_空bai,2020-08-18 22:34:42
猫丸酱w,吃核桃不想剥核桃壳,2020-08-18 22:34:43
俺八段酱,霓虹小狼狗竜星凉大龄迷mei,2020-08-18 22:34:51
Lotte-F,花淡毒,2020-08-18 22:35:28
猫丸酱w,把台子搭起来我要唱戏了,2020-08-18 22:35:54
Lotte-F,可爱荔枝日志,2020-08-18 22:36:06
猫丸酱w,-秀琴,2020-08-18 22:36:52
猫丸酱w,柯北北KB,2020-08-18 22:36:57
猫丸酱w,看到了吗她在发光,2020-08-18 22:37:10
猫丸酱w,晚上吃汤圆哦,2020-08-18 22:37:16
Lotte-F,鹅黄小冰,2020-08-18 22:38:01
猫丸酱w,你的倾听yi,2020-08-18 22:38:10
黄宥明,吴小米吳小米,2020-08-18 22:38:15
猫丸酱w,小雨有qian,2020-08-18 22:38:47
猫丸酱w,fnegcoqsbe,2020-08-18 22:38:54
猫丸酱w,今天也要sui懒觉,2020-08-18 22:38:55
猫丸酱w,随心fly_,2020-08-18 22:39:02
猫丸酱w,我今天也很开心啦,2020-08-18 22:39:05
Lotte-F,有点牛逼的微博名,2020-08-18 22:39:08
猫丸酱w,改个好听的名就这么难吗,2020-08-18 22:39:12
猫丸酱w,你看是我吖,2020-08-18 22:39:32
猫丸酱w,流行乐的琴,2020-08-18 22:39:38
猫丸酱w,热吻小玫瑰,2020-08-18 22:39:43
猫丸酱w,Wu十三,2020-08-18 22:39:49
主编赵旭东,-企鹅翟翟-,2020-08-18 22:39:50
猫丸酱w,钰luckly,2020-08-18 22:40:15
猫丸酱w,格子的腿毛,2020-08-18 22:40:16
猫丸酱w,Laura1995Smile,2020-08-18 22:40:27
俺八段酱,京城雨少,2020-08-18 22:40:29
追星狗,你咋知道不上天呢,2020-08-18 22:40:34
追星狗,你咋知道不上天呢,2020-08-18 22:40:36
猫丸酱w,我在赚钱也赚你,2020-08-18 22:40:37
电视剧琉璃,你超神时很帅11,2020-08-18 22:40:37
张予曦studio,呓语不许语,2020-08-18 22:40:40
猫丸酱w,羡羡mio,2020-08-18 22:40:49
Lotte-F,奶盖啵啵吱吱甜,2020-08-18 22:40:52
追星狗,忆往昔Dear,2020-08-18 22:40:54
追星狗,Q-小甜心,2020-08-18 22:41:00
追星狗,看着余生的我,2020-08-18 22:41:01
追星狗,栩莘,2020-08-18 22:41:01
追星狗,泡牛奶澡的奥利奥_,2020-08-18 22:41:08
追星狗,玖至,2020-08-18 22:41:14
猫丸酱w,以后的小果果,2020-08-18 22:41:17
追星狗,小小小姐姐你好啊,2020-08-18 22:41:22
俺八段酱,是小狗啊_,2020-08-18 22:41:25
猫丸酱w,暴躁烧饼卤肉卷,2020-08-18 22:41:37
追星狗,叶木茜111,2020-08-18 22:41:38
猫丸酱w,一个平平无奇的情绪垃圾桶,2020-08-18 22:41:51
俺八段酱,邱耍赖饮邱耍赖7,2020-08-18 22:41:56
追星狗,情伤bot,2020-08-18 22:42:08
追星狗,余温暖你半世容颜HY,2020-08-18 22:42:18
俺八段酱,逗狗勾大赛冠军,2020-08-18 22:42:19
追星狗,顾北兮-,2020-08-18 22:42:25
俺八段酱,藏起来嘻嘻嘻,2020-08-18 22:42:35
猫丸酱w,是你的小玺呀-,2020-08-18 22:42:36
俺八段酱,w琮南南w,2020-08-18 22:42:56
猫丸酱w,青日沐子,2020-08-18 22:42:58
俺八段酱,是会发光的星星呐,2020-08-18 22:43:01
追星狗,星空下AA,2020-08-18 22:43:14
俺八段酱,啊喵喵喵mia,2020-08-18 22:43:14
Bunny小课堂,W小小圈,2020-08-18 22:43:23
猫丸酱w,碎碎念的鸭,2020-08-18 22:43:35
俺八段酱,一顿吃八碗本人,2020-08-18 22:43:51
俺八段酱,PandaMan04992,2020-08-18 22:43:55
猫丸酱w,想要一点好运er,2020-08-18 22:43:56
微博电视剧,薄颜君,2020-08-18 22:43:57
猫丸酱w,月光照着小雨,2020-08-18 22:43:57
俺八段酱,战神圈外女友,2020-08-18 22:44:06
俺八段酱,吃粒美拉酮宁zzZ,2020-08-18 22:44:06
猫丸酱w,mis3aner,2020-08-18 22:44:13
追星狗,樱花甜味养乐多,2020-08-18 22:44:19
追星狗,我是欧皇啊IX,2020-08-18 22:44:21
黄宥明,意志坚强,2020-08-18 22:44:23
猫丸酱w,Yuki本来就是小仙女啊___,2020-08-18 22:44:27
猫丸酱w,微伤7,2020-08-18 22:44:36
追星狗,阿钰要开心阿,2020-08-18 22:44:41
猫丸酱w,馋zzy的身子,2020-08-18 22:44:43
俺八段酱,喜欢喝奶盖的废柴,2020-08-18 22:44:50
猫丸酱w,貂皮熊卡在树上了,2020-08-18 22:45:02
俺八段酱,桃汽奶芙,2020-08-18 22:45:02
俺八段酱,灵点贩卖机,2020-08-18 22:45:17
猫丸酱w,糖麻麻爱豆豆,2020-08-18 22:45:33
猫丸酱w,双米_兔媳媳,2020-08-18 22:45:36
猫丸酱w,噜啦啦呵嘿,2020-08-18 22:45:37
猫丸酱w,喜欢喝奶盖的废柴,2020-08-18 22:45:38
俺八段酱,事事如意的小鱼,2020-08-18 22:45:47
微博电视剧,先生不理羊,2020-08-18 22:45:52
俺八段酱,不爱肥牛,2020-08-18 22:46:14
猫丸酱w,花开满了整个城市,2020-08-18 22:46:29
猫丸酱w,不要声张我的幸福,2020-08-18 22:46:32
猫丸酱w,再来碗红枣银耳ey,2020-08-18 22:46:41
猫丸酱w,王子贰贰贰one,2020-08-18 22:46:42
猫丸酱w,你没病才怪呢,2020-08-18 22:46:43
猫丸酱w,扣你骑鸭,2020-08-18 22:46:43
猫丸酱w,wlk的鬼姐姐,2020-08-18 22:46:45
猫丸酱w,新的雨伞Xyuuuu,2020-08-18 22:46:58
猫丸酱w,冰糖阿忱,2020-08-18 22:47:27
猫丸酱w,不要声张我的幸福,2020-08-18 22:47:28
猫丸酱w,lo无恙ve,2020-08-18 22:47:30
猫丸酱w,Bobo一个赞,2020-08-18 22:47:31
追星狗,那么巧不如一起结个婚吧,2020-08-18 22:47:32
猫丸酱w,桐桐要暴富呀,2020-08-18 22:47:41
猫丸酱w,蹦蹦跳跳isme,2020-08-18 22:47:43
微博电视剧,薄颜君,2020-08-18 22:47:43
猫丸酱w,奇迹和和和,2020-08-18 22:47:47
Lotte-F,咩荷子,2020-08-18 22:47:52
追星狗,在一方pp,2020-08-18 22:47:55
猫丸酱w,Miracle_L-52Hz,2020-08-18 22:47:57
猫丸酱w,fishyooooo,2020-08-18 22:48:02
Lotte-F,薄颜君,2020-08-18 22:48:02
猫丸酱w,z阿沅z,2020-08-18 22:48:03
猫丸酱w,筱嫎偞_,2020-08-18 22:48:07
张予曦studio,薄颜君,2020-08-18 22:48:24
猫丸酱w,不是本体唔,2020-08-18 22:48:32
追星狗,雷雷大姐,2020-08-18 22:48:32
猫丸酱w,ELF兔兔0509,2020-08-18 22:48:35
追星狗,高敏感拖延症嗜睡症没救了,2020-08-18 22:48:40
猫丸酱w,炎炎炎森森森森森,2020-08-18 22:48:47
猫丸酱w,别拿荷尔蒙当爱情,2020-08-18 22:48:52
猫丸酱w,七月有个二十八,2020-08-18 22:48:57
猫丸酱w,要记得记住我,2020-08-18 22:49:11
猫丸酱w,定风波的哔哩吧啦,2020-08-18 22:49:14
猫丸酱w,在外孟浪归来仍是楼丝,2020-08-18 22:49:20
猫丸酱w,最强理发师_柒,2020-08-18 22:49:35
猫丸酱w,Y天雨心晴QX,2020-08-18 22:49:37
Bunny小课堂,是泰姐_,2020-08-18 22:49:38
猫丸酱w,_爆浆小草莓_,2020-08-18 22:49:46
猫丸酱w,他们叫我翁美丽,2020-08-18 22:49:54
猫丸酱w,gxusb,2020-08-18 22:50:03
猫丸酱w,Babysbreath2sky,2020-08-18 22:50:18
俺八段酱,蜡笔小陈1106,2020-08-18 22:50:34
猫丸酱w,草莓芒果果酱,2020-08-18 22:50:45
猫丸酱w,茶树梦梦,2020-08-18 22:50:55
黄宥明,甜咸上仙·,2020-08-18 22:50:56
俺八段酱,都暻秀老婆-,2020-08-18 22:50:58
俺八段酱,沐离logo,2020-08-18 22:50:59
猫丸酱w,大脸盘re,2020-08-18 22:51:00
猫丸酱w,打滚的小春熊,2020-08-18 22:51:13
俺八段酱,丫头的1985,2020-08-18 22:51:16
猫丸酱w,奶味小丸崽,2020-08-18 22:51:20
俺八段酱,HHHYYYLLG,2020-08-18 22:51:25
猫丸酱w,鍾意ahlo,2020-08-18 22:51:38
猫丸酱w,今天没有小鱼干吃,2020-08-18 22:51:42
俺八段酱,萌团萌萌哒,2020-08-18 22:51:56
俺八段酱,汐诺,2020-08-18 22:52:21
俺八段酱,5姊姊,2020-08-18 22:52:36
俺八段酱,小公举LWP,2020-08-18 22:52:44
猫丸酱w,草莓芒果果酱,2020-08-18 22:52:46
俺八段酱,谁又掀动小女子芳心,2020-08-18 22:52:49
俺八段酱,遥似故人来,2020-08-18 22:52:55
猫丸酱w,我告诉眤硪釋砧的好運infinity,2020-08-18 22:53:08
追星狗,无意几,2020-08-18 22:53:12
俺八段酱,小鹿小鹿_-,2020-08-18 22:53:19
俺八段酱,不吃话梅了,2020-08-18 22:53:21
俺八段酱,阿毛爱追剧,2020-08-18 22:53:21
俺八段酱,草莓卷卷r,2020-08-18 22:53:23
俺八段酱,离孤单的几公里,2020-08-18 22:53:24
俺八段酱,好运有限公司,2020-08-18 22:53:28
猫丸酱w,富贵儿吉祥儿,2020-08-18 22:53:33
俺八段酱,I为YOU明灯三千,2020-08-18 22:53:54
俺八段酱,懒蛋蛋-,2020-08-18 22:53:56
俺八段酱,萌团萌萌哒,2020-08-18 22:54:06
追星狗,孤独的根号三anony,2020-08-18 22:54:11
俺八段酱,岳婷儿66,2020-08-18 22:54:12
俺八段酱,阿宇就是野,2020-08-18 22:54:14
猫丸酱w,因为我家有三个表,2020-08-18 22:54:19
俺八段酱,慕梓201010,2020-08-18 22:54:21
俺八段酱,春卷皮子喔,2020-08-18 22:54:22
俺八段酱,什么时候能搞到皇族,2020-08-18 22:54:24
俺八段酱,我请你吃棒棒糖869,2020-08-18 22:54:28
Lotte-F,我爱搞美女,2020-08-18 22:54:31
追星狗,想喝旺仔0o0o,2020-08-18 22:54:36
俺八段酱,鹅鹅鹅鹅鹅鹅曲项向帅哥,2020-08-18 22:54:41
俺八段酱,51号追星专用ID,2020-08-18 22:54:47
Lotte-F,Clara75802,2020-08-18 22:54:48
俺八段酱,fxsm啦啦啦啦啦啦,2020-08-18 22:54:53
俺八段酱,一只可爱的小美咪,2020-08-18 22:54:58
俺八段酱,野蛮少女黄渤渤,2020-08-18 22:55:00
俺八段酱,卡哇伊萌琪昕动,2020-08-18 22:55:00
猫丸酱w,JosieC_kk,2020-08-18 22:55:05
俺八段酱,年下不香吗sp,2020-08-18 22:55:11
俺八段酱,闻隅舟WYZ,2020-08-18 22:55:12
俺八段酱,十三月莺33,2020-08-18 22:55:13
俺八段酱,想喝旺仔0o0o,2020-08-18 22:55:20
俺八段酱,按时改名才好愉快冲浪,2020-08-18 22:55:23
张予曦studio,用户6531808730,2020-08-18 22:55:26
俺八段酱,W小小圈,2020-08-18 22:55:29
俺八段酱,垂直活着水平留恋着呀,2020-08-18 22:55:31
俺八段酱,永久光,2020-08-18 22:55:39
猫丸酱w,MKYMST,2020-08-18 22:55:41
俺八段酱,小木木牙劈叉了,2020-08-18 22:55:44
俺八段酱,叉烧包的星际一号,2020-08-18 22:55:51
追星狗,这样的夜色这样的夜里,2020-08-18 22:55:51
俺八段酱,清一色23890,2020-08-18 22:55:54
追星狗,清一色23890,2020-08-18 22:55:57
俺八段酱,Testerday_S,2020-08-18 22:55:58
俺八段酱,馋zzy的身子,2020-08-18 22:56:00
微博电视剧,沐离logo,2020-08-18 22:56:02
俺八段酱,北极熊的独白,2020-08-18 22:56:14
俺八段酱,MsO_彼何也o-,2020-08-18 22:56:18
俺八段酱,总攻三,2020-08-18 22:56:23
俺八段酱,芝麻味的巧克力,2020-08-18 22:56:30
俺八段酱,个人理财大师,2020-08-18 22:56:35
俺八段酱,木兰当户织织织织,2020-08-18 22:56:47
俺八段酱,容容是晚饭阿,2020-08-18 22:56:50
俺八段酱,知其所以然uu,2020-08-18 22:56:55
追星狗,是阿圆啊sir,2020-08-18 22:56:57
俺八段酱,太阳底下的向日葵的围脖,2020-08-18 22:56:59
俺八段酱,刘白_yxl,2020-08-18 22:57:06
俺八段酱,拾荒少女文文子,2020-08-18 22:57:13
俺八段酱,meowkkKn,2020-08-18 22:57:13
俺八段酱,锚锚K,2020-08-18 22:57:14
猫丸酱w,Immortals夜骐,2020-08-18 22:57:15
俺八段酱,闺蜜们的昭小姐,2020-08-18 22:57:22
俺八段酱,一天玩手机只能一小时,2020-08-18 22:57:25
俺八段酱,太白你大爷,2020-08-18 22:57:41
俺八段酱,打甲韵,2020-08-18 22:57:42
黄宥明,路明是非莫道,2020-08-18 22:58:01
俺八段酱,可爱美少女小谢,2020-08-18 22:58:10
俺八段酱,kentooooo,2020-08-18 22:58:16
俺八段酱,几万只锦鲤附体的萌妹,2020-08-18 22:58:19
俺八段酱,lcuae,2020-08-18 22:58:27
俺八段酱,奶油小可爱666,2020-08-18 22:58:28
俺八段酱,小小丧_61,2020-08-18 22:58:38
追星狗,多肉芒芒要三分糖,2020-08-18 22:58:46
追星狗,遗失的零钱仪,2020-08-18 22:58:48
Bunny小课堂,萌面人zo,2020-08-18 22:58:48
猫丸酱w,忘忧拒丧,2020-08-18 22:59:05
俺八段酱,古月是我1983,2020-08-18 22:59:06
俺八段酱,欧欧欧正量,2020-08-18 22:59:08
黄宥明,束染冉,2020-08-18 22:59:31
俺八段酱,候鸟waitfor,2020-08-18 22:59:37
俺八段酱,赞赞儿_赞,2020-08-18 22:59:46
俺八段酱,黑泡夹心软糖,2020-08-18 23:00:15
俺八段酱,lcuae,2020-08-18 23:00:17
俺八段酱,程诗源丶1997,2020-08-18 23:00:29
俺八段酱,屿繁华不凋谢,2020-08-18 23:00:31
俺八段酱,鹤碭,2020-08-18 23:00:44
俺八段酱,DreamLikeo47,2020-08-18 23:00:51
俺八段酱,Merlin天天,2020-08-18 23:00:54
俺八段酱,永久光,2020-08-18 23:00:56
俺八段酱,沐离logo,2020-08-18 23:01:04
俺八段酱,你吃西瓜了嘛,2020-08-18 23:01:08
追星狗,鵡小呆,2020-08-18 23:01:12
追星狗,气硬性无机胶凝材料,2020-08-18 23:01:15
俺八段酱,jjjjjjjjjjjjackyyyyyyy,2020-08-18 23:01:15
俺八段酱,Woove-,2020-08-18 23:01:26
俺八段酱,啵啵小赞比,2020-08-18 23:01:48
俺八段酱,甜甜甜甜绚呀,2020-08-18 23:01:58
猫丸酱w,生椰拿铁三分甜,2020-08-18 23:02:00
俺八段酱,_VivianLu_,2020-08-18 23:02:01
俺八段酱,Deering0,2020-08-18 23:02:06
俺八段酱,小小丧_61,2020-08-18 23:02:19
俺八段酱,清岩澈,2020-08-18 23:02:28
微博电视剧,摇摇乐摇起来,2020-08-18 23:02:42
俺八段酱,嘿眼圈重度患者,2020-08-18 23:03:07
俺八段酱,Lmidmname,2020-08-18 23:03:24
俺八段酱,Allison__Zhang,2020-08-18 23:03:25
微博电视剧,Luo萝-Ci,2020-08-18 23:03:31
俺八段酱,易只蓬松羊,2020-08-18 23:03:38
俺八段酱,红颜漫步在潇湘雨中,2020-08-18 23:03:44
Bunny小课堂,动感食人花,2020-08-18 23:04:19
俺八段酱,李LWY莹,2020-08-18 23:04:20
俺八段酱,相看两不厌-cCi,2020-08-18 23:04:25
俺八段酱,看不懂嗯嗯,2020-08-18 23:04:26
俺八段酱,Shellyssz,2020-08-18 23:04:30
俺八段酱,木子月304,2020-08-18 23:04:39
俺八段酱,广攵攵家住百合西巷,2020-08-18 23:04:40
俺八段酱,RLee_Yii,2020-08-18 23:04:41
俺八段酱,小熊爱恰奶酪饼干,2020-08-18 23:04:42
猫丸酱w,一frog,2020-08-18 23:04:44
俺八段酱,什么东西都好好吃,2020-08-18 23:05:07
主编赵旭东,小阿同木,2020-08-18 23:05:08
俺八段酱,五行唯缺木,2020-08-18 23:05:10
俺八段酱,CACTUS的家,2020-08-18 23:05:10
俺八段酱,知名奶糖君,2020-08-18 23:05:16
俺八段酱,甜咸上仙·,2020-08-18 23:05:18
俺八段酱,是搬砖小可爱啦,2020-08-18 23:05:19
俺八段酱,辛乐橙,2020-08-18 23:05:22
猫丸酱w,萌团萌萌哒,2020-08-18 23:05:29
俺八段酱,Aicsenal,2020-08-18 23:05:33
俺八段酱,不喝酒的甜甜千,2020-08-18 23:05:40
俺八段酱,我是土豆不要地瓜,2020-08-18 23:05:53
俺八段酱,青鸾碎梦,2020-08-18 23:05:54
俺八段酱,尼尼的辛勤洗头妹,2020-08-18 23:05:55
俺八段酱,彤彤锵彤锵,2020-08-18 23:06:02
猫丸酱w,小蕾的rainbow,2020-08-18 23:06:08
电视剧琉璃,DreamLikeo47,2020-08-18 23:06:09
追星狗,路边看行人萍,2020-08-18 23:06:15
俺八段酱,能吃掉毕雯珺吗,2020-08-18 23:06:17
猫丸酱w,咳嗽咳半天,2020-08-18 23:06:30
俺八段酱,想不起名字的ID,2020-08-18 23:06:36
俺八段酱,GNILIHZW-,2020-08-18 23:06:38
俺八段酱,Nola魔王要出山,2020-08-18 23:06:38
俺八段酱,·balibalibali哇,2020-08-18 23:06:46
俺八段酱,棉花娃娃满脸泥,2020-08-18 23:06:51
俺八段酱,小吴小吴·快乐无忧,2020-08-18 23:06:56
Lotte-F,Suk89MANSION,2020-08-18 23:07:00
俺八段酱,西木zi木西zi,2020-08-18 23:07:03
俺八段酱,保留了孩子气,2020-08-18 23:07:29
俺八段酱,肥肉仙子你好,2020-08-18 23:07:36
俺八段酱,D立小风C,2020-08-18 23:07:46
俺八段酱,我真的见到薛之谦了,2020-08-18 23:07:51
俺八段酱,上善若水任方言,2020-08-18 23:07:51
俺八段酱,阿北Bay,2020-08-18 23:07:56
俺八段酱,桃桃不能逃,2020-08-18 23:08:07
俺八段酱,今天依然帅如小鸟,2020-08-18 23:08:29
俺八段酱,林杉Y,2020-08-18 23:08:32
Lotte-F,101号乐浪公主,2020-08-18 23:08:39
俺八段酱,大气同学atmosphere,2020-08-18 23:08:59
俺八段酱,KARMAaq,2020-08-18 23:08:59
猫丸酱w,怡堤儿,2020-08-18 23:09:00
俺八段酱,小阿同木,2020-08-18 23:09:06
俺八段酱,玉儿姑娘luo,2020-08-18 23:09:07
俺八段酱,_拂袖而过,2020-08-18 23:09:08
俺八段酱,X柒七七,2020-08-18 23:09:26
猫丸酱w,阿不拉嘎里卡西碰,2020-08-18 23:09:27
黄宥明,浮生未歇又见景,2020-08-18 23:09:30
俺八段酱,木亭先生,2020-08-18 23:09:36
俺八段酱,鸭咳嗽,2020-08-18 23:09:46
俺八段酱,清阴待我,2020-08-18 23:09:56
俺八段酱,鸭咳嗽,2020-08-18 23:09:59
俺八段酱,鸭咳嗽,2020-08-18 23:10:39
俺八段酱,欧皇啥时候降临,2020-08-18 23:10:53
黄宥明,咿呀啊呀呀呀呀,2020-08-18 23:10:54
俺八段酱,Sweet柠檬酥掉牙,2020-08-18 23:11:01
电视剧琉璃,蓝色酸奶疙瘩,2020-08-18 23:11:05
猫丸酱w,向日晴空·,2020-08-18 23:11:07
俺八段酱,Laughing__fishhhhh,2020-08-18 23:11:09
俺八段酱,香蕉奶昔不加冰,2020-08-18 23:11:17
俺八段酱,咸味海心,2020-08-18 23:11:19
黄宥明,小scy,2020-08-18 23:11:19
俺八段酱,啃泰羊的bkf,2020-08-18 23:11:27
黄宥明,荞麦面花,2020-08-18 23:11:30
俺八段酱,财源滚滚猪笼入水的ErinLau,2020-08-18 23:11:32
俺八段酱,茜妞best,2020-08-18 23:11:35
俺八段酱,fullsizeloveswithu,2020-08-18 23:12:14
俺八段酱,容易记8966,2020-08-18 23:12:49
俺八段酱,今夜的月亮好大,2020-08-18 23:12:50
俺八段酱,星星落兜里了0588,2020-08-18 23:13:01
俺八段酱,72号做梦小能手,2020-08-18 23:13:04
俺八段酱,阿不拉嘎里卡西碰,2020-08-18 23:13:07
俺八段酱,挽晚兮,2020-08-18 23:13:10
电视剧琉璃,秋鹿吖,2020-08-18 23:13:12
俺八段酱,几时年少有为,2020-08-18 23:13:18
俺八段酱,九月的超-,2020-08-18 23:13:19
俺八段酱,成长的路上爱力丸,2020-08-18 23:13:25
俺八段酱,西厂厂花陈荔枝,2020-08-18 23:13:39
俺八段酱,春花煮山茶_,2020-08-18 23:13:43
俺八段酱,乌龙抹茶阿华田,2020-08-18 23:13:50
俺八段酱,向我坤学习,2020-08-18 23:13:50
追星狗,灵魂冒险家,2020-08-18 23:13:55
微博电视剧,谁借我一程,2020-08-18 23:13:57
追星狗,小猫古堡革,2020-08-18 23:13:58
俺八段酱,Chihirooli,2020-08-18 23:13:58
俺八段酱,我的头发别掉了,2020-08-18 23:14:01
追星狗,桉尚1998,2020-08-18 23:14:40
俺八段酱,Buuuloo-o,2020-08-18 23:14:42
追星狗,林枍兮,2020-08-18 23:15:10
俺八段酱,愿与你长相伴,2020-08-18 23:15:23
俺八段酱,程妤就不告诉你名字,2020-08-18 23:15:32
俺八段酱,N超人Boring,2020-08-18 23:15:35
俺八段酱,爱折腾的鲸鱼er,2020-08-18 23:15:36
俺八段酱,Crystalxx3,2020-08-18 23:15:42
追星狗,煮酒不眠,2020-08-18 23:15:49
俺八段酱,喝啥奶茶一个味,2020-08-18 23:15:53
俺八段酱,莫硼砂的养乐多,2020-08-18 23:16:05
俺八段酱,黄蓝加载,2020-08-18 23:16:26
俺八段酱,亚锦赛熬夜冠军,2020-08-18 23:16:37
俺八段酱,冰红茶俱乐部部长,2020-08-18 23:16:41
俺八段酱,半月吟,2020-08-18 23:16:47
电视剧琉璃,上进心w,2020-08-18 23:16:49
电视剧琉璃,青衫未眠,2020-08-18 23:16:51
俺八段酱,种瓜得个瓜,2020-08-18 23:17:10
电视剧琉璃,上进心w,2020-08-18 23:17:28
追星狗,小七5602024425,2020-08-18 23:17:42
俺八段酱,拾光Daily,2020-08-18 23:17:44
俺八段酱,奶绒棕熊,2020-08-18 23:17:47
俺八段酱,桉尚1998,2020-08-18 23:18:19
Lotte-F,幸运的小五在上海,2020-08-18 23:18:27
俺八段酱,hyyning惜时,2020-08-18 23:18:35
俺八段酱,写名字哎,2020-08-18 23:18:57
俺八段酱,姑娘没有小虎牙,2020-08-18 23:19:02
追星狗,_Taylor-,2020-08-18 23:19:04
追星狗,芳小喵2011,2020-08-18 23:19:10
俺八段酱,4_MO0Nd,2020-08-18 23:19:25
俺八段酱,小梨涡真可爱呀,2020-08-18 23:19:32
俺八段酱,光光dddd,2020-08-18 23:19:45
俺八段酱,槑菜菜,2020-08-18 23:19:50
Lotte-F,百枯谷,2020-08-18 23:20:11
俺八段酱,日爻Hyperion,2020-08-18 23:20:16
俺八段酱,糕糕睡不早,2020-08-18 23:20:28
电视剧琉璃,素商200209,2020-08-18 23:20:38
俺八段酱,无糖不葭冰,2020-08-18 23:20:45
俺八段酱,糕糕睡不早,2020-08-18 23:20:47
俺八段酱,礼貌他妈给礼貌开门,2020-08-18 23:20:54
电视剧琉璃,偷走气泡水,2020-08-18 23:20:59
俺八段酱,雨落知清尘,2020-08-18 23:21:09
俺八段酱,_手折的千纸鹤_,2020-08-18 23:21:15
俺八段酱,一个源味汤圆,2020-08-18 23:21:18
俺八段酱,钢铁小破孩,2020-08-18 23:21:23
Lotte-F,面包包泡泡,2020-08-18 23:21:27
俺八段酱,爱云熙哥哥0728,2020-08-18 23:21:36
俺八段酱,小刘在进步小刘在努力,2020-08-18 23:21:40
微博电视剧,Jang_woo9786,2020-08-18 23:21:43
猫丸酱w,羽丘美奈子,2020-08-18 23:21:45
电视剧琉璃,我是你的愛曙光女神Aurora,2020-08-18 23:21:59
猫丸酱w,上官思月relief,2020-08-18 23:22:24
俺八段酱,MarukoGigi,2020-08-18 23:22:37
猫丸酱w,鸡蛋喜欢在鲸鱼坐骑跳舞,2020-08-18 23:22:43
猫丸酱w,影陌54705,2020-08-18 23:22:44
俺八段酱,超级爱学习的饭饭,2020-08-18 23:23:00
俺八段酱,pandapigeon,2020-08-18 23:23:01
俺八段酱,菊花一支傲笑天下,2020-08-18 23:23:06
俺八段酱,漂浮群岛95401,2020-08-18 23:23:20
俺八段酱,爱吃水_煮蛋,2020-08-18 23:23:46
俺八段酱,糕和杏,2020-08-18 23:23:56
猫丸酱w,上官思月relief,2020-08-18 23:24:07
俺八段酱,l爱吃麻辣烫,2020-08-18 23:24:08
俺八段酱,玉米搜楼,2020-08-18 23:24:15
俺八段酱,吃吃大吃吃,2020-08-18 23:24:17
俺八段酱,Aoiiiiiiiiiiiii,2020-08-18 23:24:17
俺八段酱,大魔王啊走花路叭,2020-08-18 23:24:20
俺八段酱,衿期,2020-08-18 23:24:34
俺八段酱,gidrrh,2020-08-18 23:24:38
猫丸酱w,桥豆_满麻袋,2020-08-18 23:24:49
俺八段酱,段小凛的桃花痣,2020-08-18 23:25:02
俺八段酱,肖战今天探索女性的奥秘了嘛,2020-08-18 23:25:02
俺八段酱,坑坑坑坑死你爹,2020-08-18 23:25:07
俺八段酱,-向阳生长l,2020-08-18 23:25:11
俺八段酱,这一重庆双花我入股了,2020-08-18 23:25:16
猫丸酱w,VMCL宝贝,2020-08-18 23:25:17
俺八段酱,热巴的小可爱啊88,2020-08-18 23:25:26
俺八段酱,HaoNa安Kaley,2020-08-18 23:25:26
俺八段酱,解雨臣沈巍是我老婆,2020-08-18 23:25:27
俺八段酱,正直的浮生若梦775,2020-08-18 23:25:30
猫丸酱w,笑唱凤歌,2020-08-18 23:25:33
俺八段酱,Bao-Bao-Ta,2020-08-18 23:25:36
俺八段酱,魔都方木木,2020-08-18 23:26:08
Lotte-F,油画少女不死鸟,2020-08-18 23:26:10
俺八段酱,解雨臣沈巍是我老婆,2020-08-18 23:26:13
俺八段酱,我想天天躺在家,2020-08-18 23:26:30
俺八段酱,Nachdi_Phira,2020-08-18 23:26:34
优酷剧集,lxhhlb,2020-08-18 23:26:48
微博电视剧,有点牛逼的微博名,2020-08-18 23:26:53
俺八段酱,安吉丽娜朱·莉莉,2020-08-18 23:27:01
黄宥明,如爷-霸霸,2020-08-18 23:27:11
俺八段酱,越努力越幸运peace,2020-08-18 23:27:38
俺八段酱,是橙子阿99,2020-08-18 23:28:02
俺八段酱,一只螃蟹921,2020-08-18 23:28:02
俺八段酱,蒋丞选手开始学习了,2020-08-18 23:28:08
俺八段酱,bu想的不想,2020-08-18 23:28:10
俺八段酱,昆仑冰川6107535883,2020-08-18 23:28:15
俺八段酱,旧时光里的少年tian,2020-08-18 23:28:20
俺八段酱,浆果o_O,2020-08-18 23:28:32
微博电视剧,樱樱绿友,2020-08-18 23:28:46
俺八段酱,南有乔木xp,2020-08-18 23:29:16
俺八段酱,中华美食博大精深,2020-08-18 23:29:20
俺八段酱,沐知寒,2020-08-18 23:29:41
黄宥明,仙仙乎乎乎,2020-08-18 23:29:47
俺八段酱,格格格格嗷呜,2020-08-18 23:30:01
俺八段酱,yellow23ye,2020-08-18 23:30:43
猫丸酱w,张唠叨啊,2020-08-18 23:30:43
俺八段酱,沐知寒,2020-08-18 23:30:43
俺八段酱,南安Tang,2020-08-18 23:30:45
追星狗,绍崽睡不醒,2020-08-18 23:30:56
俺八段酱,薯片和酸奶hhhn,2020-08-18 23:31:04
俺八段酱,沐知寒,2020-08-18 23:31:08
俺八段酱,沐知寒,2020-08-18 23:31:18
Lotte-F,烟华hua,2020-08-18 23:31:31
微博电视剧,王木木-琳-,2020-08-18 23:31:45
俺八段酱,jennie啊lvu,2020-08-18 23:32:00
俺八段酱,桉枝fsq,2020-08-18 23:32:02
圈内少年,冷暖自知46266,2020-08-18 23:32:08
圈内少年,小臭臭Gloria,2020-08-18 23:32:12
圈内少年,一莲幽梦初,2020-08-18 23:32:14
圈内少年,挚爱大雨,2020-08-18 23:32:14
圈内少年,巷子里的小黄花,2020-08-18 23:32:20
圈内少年,开心的字母哥,2020-08-18 23:32:21
圈内少年,差一步04421,2020-08-18 23:32:25
俺八段酱,易艺一嫣Y,2020-08-18 23:32:26
圈内少年,辛欣华,2020-08-18 23:32:30
俺八段酱,Looooorde,2020-08-18 23:32:30
圈内少年,会飞De筱猴紫,2020-08-18 23:32:35
圈内少年,玩相機的小楊,2020-08-18 23:32:37
圈内少年,Fanny一样的天空,2020-08-18 23:32:38
圈内少年,筱绮儿啊,2020-08-18 23:32:41
圈内少年,承恩和恩赐,2020-08-18 23:32:41
圈内少年,别居一番天地,2020-08-18 23:32:41
微博电视剧,你说要改个什么名字好呢,2020-08-18 23:32:42
俺八段酱,zl一个大元宝,2020-08-18 23:32:45
圈内少年,想你真好ww,2020-08-18 23:32:46
圈内少年,霸kc气,2020-08-18 23:32:46
圈内少年,陈陈炎S1,2020-08-18 23:32:47
圈内少年,蛋挞鸡翅快乐水,2020-08-18 23:32:57
圈内少年,啊-三号,2020-08-18 23:33:00
圈内少年,我是洋洋洋洋洋啊,2020-08-18 23:33:02
俺八段酱,掌声已走,2020-08-18 23:33:05
微博电视剧,怡堤儿,2020-08-18 23:33:05
圈内少年,我是洋洋洋洋洋啊,2020-08-18 23:33:09
圈内少年,一只小懒树林,2020-08-18 23:33:10
俺八段酱,Violet883,2020-08-18 23:33:14
圈内少年,五月天婷婷咖,2020-08-18 23:33:18
电视剧琉璃,怡堤儿,2020-08-18 23:33:24
俺八段酱,国宴级清水白菜,2020-08-18 23:33:25
俺八段酱,杨桃味生米,2020-08-18 23:33:27
圈内少年,春天的那片云彩,2020-08-18 23:33:32
俺八段酱,献给福克纳的一朵玫瑰花,2020-08-18 23:33:38
猫丸酱w,喜欢吃水煮鸡胸肉的小明,2020-08-18 23:33:38
