ÂéüÁî®Êà∑Âêç	ÂéüÂÜÖÂÆπ	ÂéüÂèëÂ∏ÉÊó∂Èó¥	ËΩ¨ÂèëÁî®Êà∑Âêç	ËΩ¨ÂèëÁî®Êà∑id	ËΩ¨ÂèëÂÜÖÂÆπ	ÁÇπËµûÊï∞	ËΩ¨ÂèëÊó∂Èó¥	ËΩ¨ÂèëÊù•Ê∫ê
‰∫∫Ê∞ëÁΩë	:„Äê#ÂÖ®ÂõΩÈ´òÊ†°2020ÁßãÂ≠£ÂºÄÂ≠¶Êó∂Èó¥#„ÄëÂÖ®ÂõΩÂ§öÂú∞È´òÊ†°ÊòéÁ°Æ2020ÁßãÂ≠£ÂºÄÂ≠¶Êó∂Èó¥ÔºåÂø´Êù•ÁúãÁúãÊúâÊ≤°Êúâ‰Ω†ÁöÑÂ§ßÂ≠¶‚Üì‚Üì#ÂêÑÂú∞ÂºÄÂ≠¶ÊúÄÊñ∞Ê∂àÊÅØ#Ôºà‰∫∫Ê∞ëÁΩëÊïôËÇ≤È¢ëÈÅìÔºâ 	2020-08-17 18:15:03    	lololove_Sungkyu	5972998020	lololove_Sungkyu:ÂçóÂåªË¢´ÈÄêÂá∫Âπø‰∏úÁúÅ	Ëµû[0]	2020-08-17 18:18:52	Êù•Ëá™Ëç£ËÄÄV30 PRO 5G
‰∫∫Ê∞ëÁΩë	:„Äê#ÂÖ®ÂõΩÈ´òÊ†°2020ÁßãÂ≠£ÂºÄÂ≠¶Êó∂Èó¥#„ÄëÂÖ®ÂõΩÂ§öÂú∞È´òÊ†°ÊòéÁ°Æ2020ÁßãÂ≠£ÂºÄÂ≠¶Êó∂Èó¥ÔºåÂø´Êù•ÁúãÁúãÊúâÊ≤°Êúâ‰Ω†ÁöÑÂ§ßÂ≠¶‚Üì‚Üì#ÂêÑÂú∞ÂºÄÂ≠¶ÊúÄÊñ∞Ê∂àÊÅØ#Ôºà‰∫∫Ê∞ëÁΩëÊïôËÇ≤È¢ëÈÅìÔºâ 	2020-08-17 18:15:03    	ÂÑçÁà±60595	6586440491	ÂÑçÁà±60595:ËΩ¨ÂèëÂæÆÂçö	Ëµû[0]	2020-08-17 18:18:27	Êù•Ëá™HUAWEI P30 Pro
‰∫∫Ê∞ëÁΩë	:„Äê#ÂÖ®ÂõΩÈ´òÊ†°2020ÁßãÂ≠£ÂºÄÂ≠¶Êó∂Èó¥#„ÄëÂÖ®ÂõΩÂ§öÂú∞È´òÊ†°ÊòéÁ°Æ2020ÁßãÂ≠£ÂºÄÂ≠¶Êó∂Èó¥ÔºåÂø´Êù•ÁúãÁúãÊúâÊ≤°Êúâ‰Ω†ÁöÑÂ§ßÂ≠¶‚Üì‚Üì#ÂêÑÂú∞ÂºÄÂ≠¶ÊúÄÊñ∞Ê∂àÊÅØ#Ôºà‰∫∫Ê∞ëÁΩëÊïôËÇ≤È¢ëÈÅìÔºâ 	2020-08-17 18:15:03    	ÂêïÊ¢Å‰∏≠Èô¢	3613537570	ÂêïÊ¢Å‰∏≠Èô¢:ËΩ¨ÂèëÂæÆÂçö@‰∫∫Ê∞ëÁΩë:„Äê#ÂÖ®ÂõΩÈ´òÊ†°2020ÁßãÂ≠£ÂºÄÂ≠¶Êó∂Èó¥#„ÄëÂÖ®ÂõΩÂ§öÂú∞È´òÊ†°ÊòéÁ°Æ2020ÁßãÂ≠£ÂºÄÂ≠¶Êó∂Èó¥ÔºåÂø´Êù•ÁúãÁúãÊúâÊ≤°Êúâ‰Ω†ÁöÑÂ§ßÂ≠¶‚Üì‚Üì#ÂêÑÂú∞ÂºÄÂ≠¶ÊúÄÊñ∞Ê∂àÊÅØ#Ôºà‰∫∫Ê∞ëÁΩëÊïôËÇ≤È¢ëÈÅìÔºâ	Ëµû[1]	2020-08-17 18:18:13	Êù•Ëá™ÂæÆÂçö weibo.com
‰∫∫Ê∞ëÁΩë	:„Äê#ÂÖ®ÂõΩÈ´òÊ†°2020ÁßãÂ≠£ÂºÄÂ≠¶Êó∂Èó¥#„ÄëÂÖ®ÂõΩÂ§öÂú∞È´òÊ†°ÊòéÁ°Æ2020ÁßãÂ≠£ÂºÄÂ≠¶Êó∂Èó¥ÔºåÂø´Êù•ÁúãÁúãÊúâÊ≤°Êúâ‰Ω†ÁöÑÂ§ßÂ≠¶‚Üì‚Üì#ÂêÑÂú∞ÂºÄÂ≠¶ÊúÄÊñ∞Ê∂àÊÅØ#Ôºà‰∫∫Ê∞ëÁΩëÊïôËÇ≤È¢ëÈÅìÔºâ 	2020-08-17 18:15:03    	Êó†‰∏∫Êñπ‰∏∫Â§ß‰∏∫2020	7371613460	Êó†‰∏∫Êñπ‰∏∫Â§ß‰∏∫2020:ËΩ¨ÂèëÂæÆÂçö	Ëµû[0]	2020-08-17 18:17:04	Êù•Ëá™HUAWEI Mate 9
‰∫∫Ê∞ëÁΩë	:„Äê#ÂÖ®ÂõΩÈ´òÊ†°2020ÁßãÂ≠£ÂºÄÂ≠¶Êó∂Èó¥#„ÄëÂÖ®ÂõΩÂ§öÂú∞È´òÊ†°ÊòéÁ°Æ2020ÁßãÂ≠£ÂºÄÂ≠¶Êó∂Èó¥ÔºåÂø´Êù•ÁúãÁúãÊúâÊ≤°Êúâ‰Ω†ÁöÑÂ§ßÂ≠¶‚Üì‚Üì#ÂêÑÂú∞ÂºÄÂ≠¶ÊúÄÊñ∞Ê∂àÊÅØ#Ôºà‰∫∫Ê∞ëÁΩëÊïôËÇ≤È¢ëÈÅìÔºâ 	2020-08-17 18:15:03    	Â∞è‰ºöÁöÑÊúüÂæÖ	1710452792	Â∞è‰ºöÁöÑÊúüÂæÖ:ËΩ¨ÂèëÂæÆÂçö	Ëµû[0]	2020-08-17 18:16:43	Êù•Ëá™iPhoneÂÆ¢Êà∑Á´Ø
‰∫∫Ê∞ëÁΩë	:„Äê#ÂÖ®ÂõΩÈ´òÊ†°2020ÁßãÂ≠£ÂºÄÂ≠¶Êó∂Èó¥#„ÄëÂÖ®ÂõΩÂ§öÂú∞È´òÊ†°ÊòéÁ°Æ2020ÁßãÂ≠£ÂºÄÂ≠¶Êó∂Èó¥ÔºåÂø´Êù•ÁúãÁúãÊúâÊ≤°Êúâ‰Ω†ÁöÑÂ§ßÂ≠¶‚Üì‚Üì#ÂêÑÂú∞ÂºÄÂ≠¶ÊúÄÊñ∞Ê∂àÊÅØ#Ôºà‰∫∫Ê∞ëÁΩëÊïôËÇ≤È¢ëÈÅìÔºâ 	2020-08-17 18:15:03    	ÂΩìÂçàÊ°•Ê≥âÁü≥	3987347248	ÂΩìÂçàÊ°•Ê≥âÁü≥:ÂíãËøô‰πàÊó©Âïä	Ëµû[0]	2020-08-17 18:15:39	Êù•Ëá™Êú±Êú±ÂÆùË¥ùÁöÑAndroid
‰∫∫Ê∞ëÁΩë	:„Äê#ÂÖ®ÂõΩÈ´òÊ†°2020ÁßãÂ≠£ÂºÄÂ≠¶Êó∂Èó¥#„ÄëÂÖ®ÂõΩÂ§öÂú∞È´òÊ†°ÊòéÁ°Æ2020ÁßãÂ≠£ÂºÄÂ≠¶Êó∂Èó¥ÔºåÂø´Êù•ÁúãÁúãÊúâÊ≤°Êúâ‰Ω†ÁöÑÂ§ßÂ≠¶‚Üì‚Üì#ÂêÑÂú∞ÂºÄÂ≠¶ÊúÄÊñ∞Ê∂àÊÅØ#Ôºà‰∫∫Ê∞ëÁΩëÊïôËÇ≤È¢ëÈÅìÔºâ 	2020-08-17 18:15:03    	ÈõÖÊ∂ØÁêä	3805099821	ÈõÖÊ∂ØÁêä:ËΩ¨ÂèëÂæÆÂçö	Ëµû[0]	2020-08-17 18:21:04	Êù•Ëá™ÂæÆÂçöÂõΩÈôÖÁâà
‰∫∫Ê∞ëÁΩë	:„Äê#ÂÖ®ÂõΩÈ´òÊ†°2020ÁßãÂ≠£ÂºÄÂ≠¶Êó∂Èó¥#„ÄëÂÖ®ÂõΩÂ§öÂú∞È´òÊ†°ÊòéÁ°Æ2020ÁßãÂ≠£ÂºÄÂ≠¶Êó∂Èó¥ÔºåÂø´Êù•ÁúãÁúãÊúâÊ≤°Êúâ‰Ω†ÁöÑÂ§ßÂ≠¶‚Üì‚Üì#ÂêÑÂú∞ÂºÄÂ≠¶ÊúÄÊñ∞Ê∂àÊÅØ#Ôºà‰∫∫Ê∞ëÁΩëÊïôËÇ≤È¢ëÈÅìÔºâ 	2020-08-17 18:15:03    	ÂæàÁà±ÂêÉÂÜ∞	5309071222	ÂæàÁà±ÂêÉÂÜ∞:Â•ΩÂêßÂ¶àÁöÑ	Ëµû[0]	2020-08-17 18:20:57	Êù•Ëá™HUAWEI P20
‰∫∫Ê∞ëÁΩë	:„Äê#ÂÖ®ÂõΩÈ´òÊ†°2020ÁßãÂ≠£ÂºÄÂ≠¶Êó∂Èó¥#„ÄëÂÖ®ÂõΩÂ§öÂú∞È´òÊ†°ÊòéÁ°Æ2020ÁßãÂ≠£ÂºÄÂ≠¶Êó∂Èó¥ÔºåÂø´Êù•ÁúãÁúãÊúâÊ≤°Êúâ‰Ω†ÁöÑÂ§ßÂ≠¶‚Üì‚Üì#ÂêÑÂú∞ÂºÄÂ≠¶ÊúÄÊñ∞Ê∂àÊÅØ#Ôºà‰∫∫Ê∞ëÁΩëÊïôËÇ≤È¢ëÈÅìÔºâ 	2020-08-17 18:15:03    	ÂïÜ‰∏òÂ∏ÇÂÜú‰∏öÂÜúÊùëÂ±Ä	sqsnyj	ÂïÜ‰∏òÂ∏ÇÂÜú‰∏öÂÜúÊùëÂ±Ä:ËΩ¨ÂèëÂæÆÂçö	Ëµû[0]	2020-08-17 18:19:56	Êù•Ëá™ÊêúÁãóÈ´òÈÄüÊµèËßàÂô®
‰∫∫Ê∞ëÁΩë	:„Äê#ÂÖ®ÂõΩÈ´òÊ†°2020ÁßãÂ≠£ÂºÄÂ≠¶Êó∂Èó¥#„ÄëÂÖ®ÂõΩÂ§öÂú∞È´òÊ†°ÊòéÁ°Æ2020ÁßãÂ≠£ÂºÄÂ≠¶Êó∂Èó¥ÔºåÂø´Êù•ÁúãÁúãÊúâÊ≤°Êúâ‰Ω†ÁöÑÂ§ßÂ≠¶‚Üì‚Üì#ÂêÑÂú∞ÂºÄÂ≠¶ÊúÄÊñ∞Ê∂àÊÅØ#Ôºà‰∫∫Ê∞ëÁΩëÊïôËÇ≤È¢ëÈÅìÔºâ 	2020-08-17 18:15:03    	Ê∏∏‰∏çÂä®‰∫ÜÁöÑÈ±º	7119642062	Ê∏∏‰∏çÂä®‰∫ÜÁöÑÈ±º:ËΩ¨ÂèëÂæÆÂçö	Ëµû[0]	2020-08-17 18:26:32	Êù•Ëá™HUAWEI P30
‰∫∫Ê∞ëÁΩë	:„Äê#ÂÖ®ÂõΩÈ´òÊ†°2020ÁßãÂ≠£ÂºÄÂ≠¶Êó∂Èó¥#„ÄëÂÖ®ÂõΩÂ§öÂú∞È´òÊ†°ÊòéÁ°Æ2020ÁßãÂ≠£ÂºÄÂ≠¶Êó∂Èó¥ÔºåÂø´Êù•ÁúãÁúãÊúâÊ≤°Êúâ‰Ω†ÁöÑÂ§ßÂ≠¶‚Üì‚Üì#ÂêÑÂú∞ÂºÄÂ≠¶ÊúÄÊñ∞Ê∂àÊÅØ#Ôºà‰∫∫Ê∞ëÁΩëÊïôËÇ≤È¢ëÈÅìÔºâ 	2020-08-17 18:15:03    	Ëé´Êå®ÂπÇÂπÇÂ≠ê	7448236349	Ëé´Êå®ÂπÇÂπÇÂ≠ê:Â∏åÊúõÂà´Â∞ÅÈó≠Â≠¶Áîü‰∫Ü Ë¶ÅÂ∞ÅÈó≠ÊääËÄÅÂ∏à‰πü‰∏ÄËµ∑Â∞ÅÈó≠Âêß 	Ëµû[0]	2020-08-17 18:25:54	Êù•Ëá™OPPO A92s
‰∫∫Ê∞ëÁΩë	:„Äê#ÂÖ®ÂõΩÈ´òÊ†°2020ÁßãÂ≠£ÂºÄÂ≠¶Êó∂Èó¥#„ÄëÂÖ®ÂõΩÂ§öÂú∞È´òÊ†°ÊòéÁ°Æ2020ÁßãÂ≠£ÂºÄÂ≠¶Êó∂Èó¥ÔºåÂø´Êù•ÁúãÁúãÊúâÊ≤°Êúâ‰Ω†ÁöÑÂ§ßÂ≠¶‚Üì‚Üì#ÂêÑÂú∞ÂºÄÂ≠¶ÊúÄÊñ∞Ê∂àÊÅØ#Ôºà‰∫∫Ê∞ëÁΩëÊïôËÇ≤È¢ëÈÅìÔºâ 	2020-08-17 18:15:03    	ÁÅµÂ±±ÊôÆÊ≥ï	1282155425	ÁÅµÂ±±ÊôÆÊ≥ï:„Äê#ÂÖ®ÂõΩÈ´òÊ†°2020ÁßãÂ≠£ÂºÄÂ≠¶Êó∂Èó¥#„Äë	Ëµû[0]	2020-08-17 18:25:46	Êù•Ëá™360ÂÆâÂÖ®ÊµèËßàÂô®
‰∫∫Ê∞ëÁΩë	:„Äê#ÂÖ®ÂõΩÈ´òÊ†°2020ÁßãÂ≠£ÂºÄÂ≠¶Êó∂Èó¥#„ÄëÂÖ®ÂõΩÂ§öÂú∞È´òÊ†°ÊòéÁ°Æ2020ÁßãÂ≠£ÂºÄÂ≠¶Êó∂Èó¥ÔºåÂø´Êù•ÁúãÁúãÊúâÊ≤°Êúâ‰Ω†ÁöÑÂ§ßÂ≠¶‚Üì‚Üì#ÂêÑÂú∞ÂºÄÂ≠¶ÊúÄÊñ∞Ê∂àÊÅØ#Ôºà‰∫∫Ê∞ëÁΩëÊïôËÇ≤È¢ëÈÅìÔºâ 	2020-08-17 18:15:03    	Ëµ§ÂçóÊ†ÄÂ≠ê	2003176281	Ëµ§ÂçóÊ†ÄÂ≠ê:„Äê#ÂÖ®ÂõΩÈ´òÊ†°2020ÁßãÂ≠£ÂºÄÂ≠¶Êó∂Èó¥#„ÄëÂÖ®ÂõΩÂ§öÂú∞È´òÊ†°ÊòéÁ°Æ2020ÁßãÂ≠£ÂºÄÂ≠¶Êó∂Èó¥ÔºåÂø´Êù•ÁúãÁúãÊúâÊ≤°Êúâ‰Ω†ÁöÑÂ§ßÂ≠¶‚Üì‚Üì#ÂêÑÂú∞ÂºÄÂ≠¶ÊúÄÊñ∞Ê∂àÊÅØ#Ôºà‰∫∫Ê∞ëÁΩëÊïôËÇ≤È¢ëÈÅìÔºâ	Ëµû[0]	2020-08-17 18:25:10	Êù•Ëá™ÂæÆÂçö weibo.com
‰∫∫Ê∞ëÁΩë	:„Äê#ÂÖ®ÂõΩÈ´òÊ†°2020ÁßãÂ≠£ÂºÄÂ≠¶Êó∂Èó¥#„ÄëÂÖ®ÂõΩÂ§öÂú∞È´òÊ†°ÊòéÁ°Æ2020ÁßãÂ≠£ÂºÄÂ≠¶Êó∂Èó¥ÔºåÂø´Êù•ÁúãÁúãÊúâÊ≤°Êúâ‰Ω†ÁöÑÂ§ßÂ≠¶‚Üì‚Üì#ÂêÑÂú∞ÂºÄÂ≠¶ÊúÄÊñ∞Ê∂àÊÅØ#Ôºà‰∫∫Ê∞ëÁΩëÊïôËÇ≤È¢ëÈÅìÔºâ 	2020-08-17 18:15:03    	goodluck2014xin	3962649470	goodluck2014xin:ËΩ¨ÂèëÂæÆÂçö	Ëµû[0]	2020-08-17 18:24:50	Êù•Ëá™OPPOÊô∫ËÉΩÊâãÊú∫
‰∫∫Ê∞ëÁΩë	:„Äê#ÂÖ®ÂõΩÈ´òÊ†°2020ÁßãÂ≠£ÂºÄÂ≠¶Êó∂Èó¥#„ÄëÂÖ®ÂõΩÂ§öÂú∞È´òÊ†°ÊòéÁ°Æ2020ÁßãÂ≠£ÂºÄÂ≠¶Êó∂Èó¥ÔºåÂø´Êù•ÁúãÁúãÊúâÊ≤°Êúâ‰Ω†ÁöÑÂ§ßÂ≠¶‚Üì‚Üì#ÂêÑÂú∞ÂºÄÂ≠¶ÊúÄÊñ∞Ê∂àÊÅØ#Ôºà‰∫∫Ê∞ëÁΩëÊïôËÇ≤È¢ëÈÅìÔºâ 	2020-08-17 18:15:03    	Èôà‰ªìÂèëÂ∏É	chencangqu	Èôà‰ªìÂèëÂ∏É:ËΩ¨ÂèëÂæÆÂçö	Ëµû[0]	2020-08-17 18:24:41	Êù•Ëá™360ÂÆâÂÖ®ÊµèËßàÂô®
‰∫∫Ê∞ëÁΩë	:„Äê#ÂÖ®ÂõΩÈ´òÊ†°2020ÁßãÂ≠£ÂºÄÂ≠¶Êó∂Èó¥#„ÄëÂÖ®ÂõΩÂ§öÂú∞È´òÊ†°ÊòéÁ°Æ2020ÁßãÂ≠£ÂºÄÂ≠¶Êó∂Èó¥ÔºåÂø´Êù•ÁúãÁúãÊúâÊ≤°Êúâ‰Ω†ÁöÑÂ§ßÂ≠¶‚Üì‚Üì#ÂêÑÂú∞ÂºÄÂ≠¶ÊúÄÊñ∞Ê∂àÊÅØ#Ôºà‰∫∫Ê∞ëÁΩëÊïôËÇ≤È¢ëÈÅìÔºâ 	2020-08-17 18:15:03    	Âπ≥ÂÆâÂÆâÂ∑û	1919000695	Âπ≥ÂÆâÂÆâÂ∑û:#ÂÖ®ÂõΩÈ´òÊ†°2020ÁßãÂ≠£ÂºÄÂ≠¶Êó∂Èó¥# üéôÔ∏è	Ëµû[0]	2020-08-17 18:24:31	Êù•Ëá™iPhoneÂÆ¢Êà∑Á´Ø
‰∫∫Ê∞ëÁΩë	:„Äê#ÂÖ®ÂõΩÈ´òÊ†°2020ÁßãÂ≠£ÂºÄÂ≠¶Êó∂Èó¥#„ÄëÂÖ®ÂõΩÂ§öÂú∞È´òÊ†°ÊòéÁ°Æ2020ÁßãÂ≠£ÂºÄÂ≠¶Êó∂Èó¥ÔºåÂø´Êù•ÁúãÁúãÊúâÊ≤°Êúâ‰Ω†ÁöÑÂ§ßÂ≠¶‚Üì‚Üì#ÂêÑÂú∞ÂºÄÂ≠¶ÊúÄÊñ∞Ê∂àÊÅØ#Ôºà‰∫∫Ê∞ëÁΩëÊïôËÇ≤È¢ëÈÅìÔºâ 	2020-08-17 18:15:03    	ÊπñÂåóÁúÅÊîøÂ∫úÈó®Êà∑ÁΩëÁ´ô	hubeigov	ÊπñÂåóÁúÅÊîøÂ∫úÈó®Êà∑ÁΩëÁ´ô:ËΩ¨ÂèëÂæÆÂçö	Ëµû[0]	2020-08-17 18:23:49	Êù•Ëá™ÂæÆÂçö weibo.com
‰∫∫Ê∞ëÁΩë	:„Äê#ÂÖ®ÂõΩÈ´òÊ†°2020ÁßãÂ≠£ÂºÄÂ≠¶Êó∂Èó¥#„ÄëÂÖ®ÂõΩÂ§öÂú∞È´òÊ†°ÊòéÁ°Æ2020ÁßãÂ≠£ÂºÄÂ≠¶Êó∂Èó¥ÔºåÂø´Êù•ÁúãÁúãÊúâÊ≤°Êúâ‰Ω†ÁöÑÂ§ßÂ≠¶‚Üì‚Üì#ÂêÑÂú∞ÂºÄÂ≠¶ÊúÄÊñ∞Ê∂àÊÅØ#Ôºà‰∫∫Ê∞ëÁΩëÊïôËÇ≤È¢ëÈÅìÔºâ 	2020-08-17 18:15:03    	Èôá‰∏ä‰∫ë‰πãÊúà	5716968555	Èôá‰∏ä‰∫ë‰πãÊúà:ËΩ¨ÂèëÂæÆÂçö	Ëµû[0]	2020-08-17 18:39:30	Êù•Ëá™HUAWEI Mate 9
‰∫∫Ê∞ëÁΩë	:„Äê#ÂÖ®ÂõΩÈ´òÊ†°2020ÁßãÂ≠£ÂºÄÂ≠¶Êó∂Èó¥#„ÄëÂÖ®ÂõΩÂ§öÂú∞È´òÊ†°ÊòéÁ°Æ2020ÁßãÂ≠£ÂºÄÂ≠¶Êó∂Èó¥ÔºåÂø´Êù•ÁúãÁúãÊúâÊ≤°Êúâ‰Ω†ÁöÑÂ§ßÂ≠¶‚Üì‚Üì#ÂêÑÂú∞ÂºÄÂ≠¶ÊúÄÊñ∞Ê∂àÊÅØ#Ôºà‰∫∫Ê∞ëÁΩëÊïôËÇ≤È¢ëÈÅìÔºâ 	2020-08-17 18:15:03    	Lilybird0512ÁöÑ‰∏ñÁïå	5847726052	Lilybird0512ÁöÑ‰∏ñÁïå:ËΩ¨ÂèëÂæÆÂçö	Ëµû[0]	2020-08-17 18:37:26	Êù•Ëá™Â∞èÁ±≥MIX2S ÂÖ®Èù¢Â±è
‰∫∫Ê∞ëÁΩë	:„Äê#ÂÖ®ÂõΩÈ´òÊ†°2020ÁßãÂ≠£ÂºÄÂ≠¶Êó∂Èó¥#„ÄëÂÖ®ÂõΩÂ§öÂú∞È´òÊ†°ÊòéÁ°Æ2020ÁßãÂ≠£ÂºÄÂ≠¶Êó∂Èó¥ÔºåÂø´Êù•ÁúãÁúãÊúâÊ≤°Êúâ‰Ω†ÁöÑÂ§ßÂ≠¶‚Üì‚Üì#ÂêÑÂú∞ÂºÄÂ≠¶ÊúÄÊñ∞Ê∂àÊÅØ#Ôºà‰∫∫Ê∞ëÁΩëÊïôËÇ≤È¢ëÈÅìÔºâ 	2020-08-17 18:15:03    	ËæΩÂÆÅÈ´òÊ†°ËµÑËÆØ	5604376031	ËæΩÂÆÅÈ´òÊ†°ËµÑËÆØ:ËæΩÂÆÅÁúÅÂè™ÊúâÂ§ßËøûÂ∑•‰∏öÂ§ßÂ≠¶Á°ÆÂÆö‰∫ÜÂêóÔºü	Ëµû[0]	2020-08-17 18:34:46	Êù•Ëá™iPhoneÂÆ¢Êà∑Á´Ø
‰∫∫Ê∞ëÁΩë	:„Äê#ÂÖ®ÂõΩÈ´òÊ†°2020ÁßãÂ≠£ÂºÄÂ≠¶Êó∂Èó¥#„ÄëÂÖ®ÂõΩÂ§öÂú∞È´òÊ†°ÊòéÁ°Æ2020ÁßãÂ≠£ÂºÄÂ≠¶Êó∂Èó¥ÔºåÂø´Êù•ÁúãÁúãÊúâÊ≤°Êúâ‰Ω†ÁöÑÂ§ßÂ≠¶‚Üì‚Üì#ÂêÑÂú∞ÂºÄÂ≠¶ÊúÄÊñ∞Ê∂àÊÅØ#Ôºà‰∫∫Ê∞ëÁΩëÊïôËÇ≤È¢ëÈÅìÔºâ 	2020-08-17 18:15:03    	Âçé‰∫≠Ê£ÄÂØü	5044208315	Âçé‰∫≠Ê£ÄÂØü:ËΩ¨ÂèëÂæÆÂçö	Ëµû[2]	2020-08-17 18:30:37	Êù•Ëá™HUAWEI Mate 30 5G
‰∫∫Ê∞ëÁΩë	:„Äê#ÂÖ®ÂõΩÈ´òÊ†°2020ÁßãÂ≠£ÂºÄÂ≠¶Êó∂Èó¥#„ÄëÂÖ®ÂõΩÂ§öÂú∞È´òÊ†°ÊòéÁ°Æ2020ÁßãÂ≠£ÂºÄÂ≠¶Êó∂Èó¥ÔºåÂø´Êù•ÁúãÁúãÊúâÊ≤°Êúâ‰Ω†ÁöÑÂ§ßÂ≠¶‚Üì‚Üì#ÂêÑÂú∞ÂºÄÂ≠¶ÊúÄÊñ∞Ê∂àÊÅØ#Ôºà‰∫∫Ê∞ëÁΩëÊïôËÇ≤È¢ëÈÅìÔºâ 	2020-08-17 18:15:03    	ËÄÄÊûùÂçÉ‰∏áÈáå	6719985429	ËÄÄÊûùÂçÉ‰∏áÈáå:ËΩ¨ÂèëÂæÆÂçö	Ëµû[0]	2020-08-17 18:28:58	Êù•Ëá™Ëç£ËÄÄ7C ‰∫∫ËÑ∏ËØÜÂà´ÂèåÊëÑ
‰∫∫Ê∞ëÁΩë	:„Äê#ÂÖ®ÂõΩÈ´òÊ†°2020ÁßãÂ≠£ÂºÄÂ≠¶Êó∂Èó¥#„ÄëÂÖ®ÂõΩÂ§öÂú∞È´òÊ†°ÊòéÁ°Æ2020ÁßãÂ≠£ÂºÄÂ≠¶Êó∂Èó¥ÔºåÂø´Êù•ÁúãÁúãÊúâÊ≤°Êúâ‰Ω†ÁöÑÂ§ßÂ≠¶‚Üì‚Üì#ÂêÑÂú∞ÂºÄÂ≠¶ÊúÄÊñ∞Ê∂àÊÅØ#Ôºà‰∫∫Ê∞ëÁΩëÊïôËÇ≤È¢ëÈÅìÔºâ 	2020-08-17 18:15:03    	ÊòìÂÆùÊîØ‰ªò	yeepayblog	ÊòìÂÆùÊîØ‰ªò:ËΩ¨ÂèëÂæÆÂçö	Ëµû[0]	2020-08-17 18:28:14	Êù•Ëá™ÂæÆÂçö weibo.com
‰∫∫Ê∞ëÁΩë	:„Äê#ÂÖ®ÂõΩÈ´òÊ†°2020ÁßãÂ≠£ÂºÄÂ≠¶Êó∂Èó¥#„ÄëÂÖ®ÂõΩÂ§öÂú∞È´òÊ†°ÊòéÁ°Æ2020ÁßãÂ≠£ÂºÄÂ≠¶Êó∂Èó¥ÔºåÂø´Êù•ÁúãÁúãÊúâÊ≤°Êúâ‰Ω†ÁöÑÂ§ßÂ≠¶‚Üì‚Üì#ÂêÑÂú∞ÂºÄÂ≠¶ÊúÄÊñ∞Ê∂àÊÅØ#Ôºà‰∫∫Ê∞ëÁΩëÊïôËÇ≤È¢ëÈÅìÔºâ 	2020-08-17 18:15:03    	ÊñáÊòéÂÆÅÂ§è	3794338980	ÊñáÊòéÂÆÅÂ§è:ËΩ¨ÂèëÂæÆÂçö	Ëµû[0]	2020-08-17 18:47:00	Êù•Ëá™iPhoneÂÆ¢Êà∑Á´Ø
‰∫∫Ê∞ëÁΩë	:„Äê#ÂÖ®ÂõΩÈ´òÊ†°2020ÁßãÂ≠£ÂºÄÂ≠¶Êó∂Èó¥#„ÄëÂÖ®ÂõΩÂ§öÂú∞È´òÊ†°ÊòéÁ°Æ2020ÁßãÂ≠£ÂºÄÂ≠¶Êó∂Èó¥ÔºåÂø´Êù•ÁúãÁúãÊúâÊ≤°Êúâ‰Ω†ÁöÑÂ§ßÂ≠¶‚Üì‚Üì#ÂêÑÂú∞ÂºÄÂ≠¶ÊúÄÊñ∞Ê∂àÊÅØ#Ôºà‰∫∫Ê∞ëÁΩëÊïôËÇ≤È¢ëÈÅìÔºâ 	2020-08-17 18:15:03    	‰∏≠ÂπøËÅîÂêà‰ºö‰∫§ÂÆ£Âßî	jiaoxuanwei	‰∏≠ÂπøËÅîÂêà‰ºö‰∫§ÂÆ£Âßî:‰ªéÂØíÂÅáËøáÂà∞‰∫ÜÊöëÂÅáÔºåÁªà‰∫éË¶ÅÂºÄÂ≠¶‰∫Ü	Ëµû[0]	2020-08-17 18:46:23	Êù•Ëá™ÈáëÁ´ãS10 ÂõõÊëÑÊãçÁÖßÊõ¥Áæé
‰∫∫Ê∞ëÁΩë	:„Äê#ÂÖ®ÂõΩÈ´òÊ†°2020ÁßãÂ≠£ÂºÄÂ≠¶Êó∂Èó¥#„ÄëÂÖ®ÂõΩÂ§öÂú∞È´òÊ†°ÊòéÁ°Æ2020ÁßãÂ≠£ÂºÄÂ≠¶Êó∂Èó¥ÔºåÂø´Êù•ÁúãÁúãÊúâÊ≤°Êúâ‰Ω†ÁöÑÂ§ßÂ≠¶‚Üì‚Üì#ÂêÑÂú∞ÂºÄÂ≠¶ÊúÄÊñ∞Ê∂àÊÅØ#Ôºà‰∫∫Ê∞ëÁΩëÊïôËÇ≤È¢ëÈÅìÔºâ 	2020-08-17 18:15:03    	Ë¥§ÂÆùÂÆùÂÆù	5952947865	Ë¥§ÂÆùÂÆùÂÆù:Á¨¨‰∏âÂº†ÊàëÂ§ßËøûÂ∑•‰∏öÂ§ßÂ≠¶ÁúüÂÅáÔºü ÊàëÂíãÈÉΩ‰∏çÁü•ÈÅì #Â§ßËøûÂ∑•‰∏öÂ§ßÂ≠¶##Â§ßËøûÂºÄÂ≠¶#	Ëµû[7]	2020-08-17 18:45:54	Êù•Ëá™Ëç£ËÄÄ20
‰∫∫Ê∞ëÁΩë	:„Äê#ÂÖ®ÂõΩÈ´òÊ†°2020ÁßãÂ≠£ÂºÄÂ≠¶Êó∂Èó¥#„ÄëÂÖ®ÂõΩÂ§öÂú∞È´òÊ†°ÊòéÁ°Æ2020ÁßãÂ≠£ÂºÄÂ≠¶Êó∂Èó¥ÔºåÂø´Êù•ÁúãÁúãÊúâÊ≤°Êúâ‰Ω†ÁöÑÂ§ßÂ≠¶‚Üì‚Üì#ÂêÑÂú∞ÂºÄÂ≠¶ÊúÄÊñ∞Ê∂àÊÅØ#Ôºà‰∫∫Ê∞ëÁΩëÊïôËÇ≤È¢ëÈÅìÔºâ 	2020-08-17 18:15:03    	zhangchaoyasen	7200283672	zhangchaoyasen:ËΩ¨ÂèëÂæÆÂçö	Ëµû[0]	2020-08-17 18:44:20	Êù•Ëá™Â∞èÁ±≥8 SE
‰∫∫Ê∞ëÁΩë	:„Äê#ÂÖ®ÂõΩÈ´òÊ†°2020ÁßãÂ≠£ÂºÄÂ≠¶Êó∂Èó¥#„ÄëÂÖ®ÂõΩÂ§öÂú∞È´òÊ†°ÊòéÁ°Æ2020ÁßãÂ≠£ÂºÄÂ≠¶Êó∂Èó¥ÔºåÂø´Êù•ÁúãÁúãÊúâÊ≤°Êúâ‰Ω†ÁöÑÂ§ßÂ≠¶‚Üì‚Üì#ÂêÑÂú∞ÂºÄÂ≠¶ÊúÄÊñ∞Ê∂àÊÅØ#Ôºà‰∫∫Ê∞ëÁΩëÊïôËÇ≤È¢ëÈÅìÔºâ 	2020-08-17 18:15:03    	Â≠§Ê±üÊµ∏Êúài	5491680327	Â≠§Ê±üÊµ∏Êúài:ËΩ¨ÂèëÂæÆÂçö	Ëµû[0]	2020-08-17 18:42:34	Êù•Ëá™OPPO Reno3 ÂÖÉÊ∞îÁâà 5G
‰∫∫Ê∞ëÁΩë	:„Äê#ÂÖ®ÂõΩÈ´òÊ†°2020ÁßãÂ≠£ÂºÄÂ≠¶Êó∂Èó¥#„ÄëÂÖ®ÂõΩÂ§öÂú∞È´òÊ†°ÊòéÁ°Æ2020ÁßãÂ≠£ÂºÄÂ≠¶Êó∂Èó¥ÔºåÂø´Êù•ÁúãÁúãÊúâÊ≤°Êúâ‰Ω†ÁöÑÂ§ßÂ≠¶‚Üì‚Üì#ÂêÑÂú∞ÂºÄÂ≠¶ÊúÄÊñ∞Ê∂àÊÅØ#Ôºà‰∫∫Ê∞ëÁΩëÊïôËÇ≤È¢ëÈÅìÔºâ 	2020-08-17 18:15:03    	Ê≤°Â§¥ËÑëÁôΩÂÖîÂìá	1714595201	Ê≤°Â§¥ËÑëÁôΩÂÖîÂìá:Â§ßÂ≠¶‰ªéÊò•ËäÇÂâçÊîæÂÅáÔºåÁé∞Âú®Áªà‰∫éË¶ÅÂºÄÂ≠¶‰∫ÜÔºÅ	Ëµû[0]	2020-08-17 18:41:17	Êù•Ëá™HUAWEI P20
‰∫∫Ê∞ëÁΩë	:„Äê#ÂÖ®ÂõΩÈ´òÊ†°2020ÁßãÂ≠£ÂºÄÂ≠¶Êó∂Èó¥#„ÄëÂÖ®ÂõΩÂ§öÂú∞È´òÊ†°ÊòéÁ°Æ2020ÁßãÂ≠£ÂºÄÂ≠¶Êó∂Èó¥ÔºåÂø´Êù•ÁúãÁúãÊúâÊ≤°Êúâ‰Ω†ÁöÑÂ§ßÂ≠¶‚Üì‚Üì#ÂêÑÂú∞ÂºÄÂ≠¶ÊúÄÊñ∞Ê∂àÊÅØ#Ôºà‰∫∫Ê∞ëÁΩëÊïôËÇ≤È¢ëÈÅìÔºâ 	2020-08-17 18:15:03    	Breezy_Ike	6595691131	Breezy_Ike:ËΩ¨ÂèëÂæÆÂçö	Ëµû[0]	2020-08-17 18:58:26	Êù•Ëá™vivo S1ÁÖß‰∫Æ‰Ω†ÁöÑÁæé
‰∫∫Ê∞ëÁΩë	:„Äê#ÂÖ®ÂõΩÈ´òÊ†°2020ÁßãÂ≠£ÂºÄÂ≠¶Êó∂Èó¥#„ÄëÂÖ®ÂõΩÂ§öÂú∞È´òÊ†°ÊòéÁ°Æ2020ÁßãÂ≠£ÂºÄÂ≠¶Êó∂Èó¥ÔºåÂø´Êù•ÁúãÁúãÊúâÊ≤°Êúâ‰Ω†ÁöÑÂ§ßÂ≠¶‚Üì‚Üì#ÂêÑÂú∞ÂºÄÂ≠¶ÊúÄÊñ∞Ê∂àÊÅØ#Ôºà‰∫∫Ê∞ëÁΩëÊïôËÇ≤È¢ëÈÅìÔºâ 	2020-08-17 18:15:03    	‰∏ÄÊèΩÊúàÂçé1423	7279859318	‰∏ÄÊèΩÊúàÂçé1423:ËΩ¨ÂèëÂæÆÂçö	Ëµû[0]	2020-08-17 18:57:25	Êù•Ëá™È≠ÖÊóè 16 ÊóóËà∞ÊâãÊú∫
‰∫∫Ê∞ëÁΩë	:„Äê#ÂÖ®ÂõΩÈ´òÊ†°2020ÁßãÂ≠£ÂºÄÂ≠¶Êó∂Èó¥#„ÄëÂÖ®ÂõΩÂ§öÂú∞È´òÊ†°ÊòéÁ°Æ2020ÁßãÂ≠£ÂºÄÂ≠¶Êó∂Èó¥ÔºåÂø´Êù•ÁúãÁúãÊúâÊ≤°Êúâ‰Ω†ÁöÑÂ§ßÂ≠¶‚Üì‚Üì#ÂêÑÂú∞ÂºÄÂ≠¶ÊúÄÊñ∞Ê∂àÊÅØ#Ôºà‰∫∫Ê∞ëÁΩëÊïôËÇ≤È¢ëÈÅìÔºâ 	2020-08-17 18:15:03    	Ë¢´Êó∂ÂÖâÂÅ∑Ëµ∞‰∫ÜÂàùÂøÉ	6005677107	Ë¢´Êó∂ÂÖâÂÅ∑Ëµ∞‰∫ÜÂàùÂøÉ:ËΩ¨ÂèëÂæÆÂçö	Ëµû[0]	2020-08-17 18:55:02	Êù•Ëá™Ëç£ËÄÄ20
‰∫∫Ê∞ëÁΩë	:„Äê#ÂÖ®ÂõΩÈ´òÊ†°2020ÁßãÂ≠£ÂºÄÂ≠¶Êó∂Èó¥#„ÄëÂÖ®ÂõΩÂ§öÂú∞È´òÊ†°ÊòéÁ°Æ2020ÁßãÂ≠£ÂºÄÂ≠¶Êó∂Èó¥ÔºåÂø´Êù•ÁúãÁúãÊúâÊ≤°Êúâ‰Ω†ÁöÑÂ§ßÂ≠¶‚Üì‚Üì#ÂêÑÂú∞ÂºÄÂ≠¶ÊúÄÊñ∞Ê∂àÊÅØ#Ôºà‰∫∫Ê∞ëÁΩëÊïôËÇ≤È¢ëÈÅìÔºâ 	2020-08-17 18:15:03    	moonB666666	5654067781	moonB666666:ËΩ¨ÂèëÂæÆÂçö	Ëµû[0]	2020-08-17 18:50:37	Êù•Ëá™HUAWEI P20
‰∫∫Ê∞ëÁΩë	:„Äê#ÂÖ®ÂõΩÈ´òÊ†°2020ÁßãÂ≠£ÂºÄÂ≠¶Êó∂Èó¥#„ÄëÂÖ®ÂõΩÂ§öÂú∞È´òÊ†°ÊòéÁ°Æ2020ÁßãÂ≠£ÂºÄÂ≠¶Êó∂Èó¥ÔºåÂø´Êù•ÁúãÁúãÊúâÊ≤°Êúâ‰Ω†ÁöÑÂ§ßÂ≠¶‚Üì‚Üì#ÂêÑÂú∞ÂºÄÂ≠¶ÊúÄÊñ∞Ê∂àÊÅØ#Ôºà‰∫∫Ê∞ëÁΩëÊïôËÇ≤È¢ëÈÅìÔºâ 	2020-08-17 18:15:03    	ÊàëÊòØÊ±™Ê¥™‰∏ú	6537249351	ÊàëÊòØÊ±™Ê¥™‰∏ú:‰∏∫‰πàÊù•Ëøô‰πàÊó©	Ëµû[0]	2020-08-17 18:49:28	Êù•Ëá™HUAWEI Mate 30 5G
‰∫∫Ê∞ëÁΩë	:„Äê#ÂÖ®ÂõΩÈ´òÊ†°2020ÁßãÂ≠£ÂºÄÂ≠¶Êó∂Èó¥#„ÄëÂÖ®ÂõΩÂ§öÂú∞È´òÊ†°ÊòéÁ°Æ2020ÁßãÂ≠£ÂºÄÂ≠¶Êó∂Èó¥ÔºåÂø´Êù•ÁúãÁúãÊúâÊ≤°Êúâ‰Ω†ÁöÑÂ§ßÂ≠¶‚Üì‚Üì#ÂêÑÂú∞ÂºÄÂ≠¶ÊúÄÊñ∞Ê∂àÊÅØ#Ôºà‰∫∫Ê∞ëÁΩëÊïôËÇ≤È¢ëÈÅìÔºâ 	2020-08-17 18:15:03    	ÊúõÁ¶èÊúõÁ¶è	wangfuwangfu	ÊúõÁ¶èÊúõÁ¶è:ËΩ¨ÂèëÂæÆÂçö	Ëµû[0]	2020-08-17 18:48:50	Êù•Ëá™HUAWEI P30
‰∫∫Ê∞ëÁΩë	:„Äê#ÂÖ®ÂõΩÈ´òÊ†°2020ÁßãÂ≠£ÂºÄÂ≠¶Êó∂Èó¥#„ÄëÂÖ®ÂõΩÂ§öÂú∞È´òÊ†°ÊòéÁ°Æ2020ÁßãÂ≠£ÂºÄÂ≠¶Êó∂Èó¥ÔºåÂø´Êù•ÁúãÁúãÊúâÊ≤°Êúâ‰Ω†ÁöÑÂ§ßÂ≠¶‚Üì‚Üì#ÂêÑÂú∞ÂºÄÂ≠¶ÊúÄÊñ∞Ê∂àÊÅØ#Ôºà‰∫∫Ê∞ëÁΩëÊïôËÇ≤È¢ëÈÅìÔºâ 	2020-08-17 18:15:03    	ÂÜ¨Â§©ÁöÑËÄÅÊ†ë	snowcedarlxs	ÂÜ¨Â§©ÁöÑËÄÅÊ†ë:ËΩ¨ÂèëÂæÆÂçö	Ëµû[0]	2020-08-17 18:47:55	Êù•Ëá™Ëç£ËÄÄÊâãÊú∫ ÂãáÊï¢ÂÅöËá™Â∑±
‰∫∫Ê∞ëÁΩë	:„Äê#ÂÖ®ÂõΩÈ´òÊ†°2020ÁßãÂ≠£ÂºÄÂ≠¶Êó∂Èó¥#„ÄëÂÖ®ÂõΩÂ§öÂú∞È´òÊ†°ÊòéÁ°Æ2020ÁßãÂ≠£ÂºÄÂ≠¶Êó∂Èó¥ÔºåÂø´Êù•ÁúãÁúãÊúâÊ≤°Êúâ‰Ω†ÁöÑÂ§ßÂ≠¶‚Üì‚Üì#ÂêÑÂú∞ÂºÄÂ≠¶ÊúÄÊñ∞Ê∂àÊÅØ#Ôºà‰∫∫Ê∞ëÁΩëÊïôËÇ≤È¢ëÈÅìÔºâ 	2020-08-17 18:15:03    	ÂêâÊûó‰∫§ÈÄöÂπøÊí≠	fm1038jtt	ÂêâÊûó‰∫§ÈÄöÂπøÊí≠:#ÂÖ®ÂõΩÈ´òÊ†°2020ÁßãÂ≠£ÂºÄÂ≠¶Êó∂Èó¥#	Ëµû[0]	2020-08-17 18:47:50	Êù•Ëá™iPhone 7 Plus
‰∫∫Ê∞ëÁΩë	:„Äê#ÂÖ®ÂõΩÈ´òÊ†°2020ÁßãÂ≠£ÂºÄÂ≠¶Êó∂Èó¥#„ÄëÂÖ®ÂõΩÂ§öÂú∞È´òÊ†°ÊòéÁ°Æ2020ÁßãÂ≠£ÂºÄÂ≠¶Êó∂Èó¥ÔºåÂø´Êù•ÁúãÁúãÊúâÊ≤°Êúâ‰Ω†ÁöÑÂ§ßÂ≠¶‚Üì‚Üì#ÂêÑÂú∞ÂºÄÂ≠¶ÊúÄÊñ∞Ê∂àÊÅØ#Ôºà‰∫∫Ê∞ëÁΩëÊïôËÇ≤È¢ëÈÅìÔºâ 	2020-08-17 18:15:03    	ÂÆÅÂ§èÂçéÂõæ	ningxiaht	ÂÆÅÂ§èÂçéÂõæ:ËΩ¨ÂèëÂæÆÂçö	Ëµû[0]	2020-08-17 19:24:48	Êù•Ëá™360ÂÆâÂÖ®ÊµèËßàÂô®
‰∫∫Ê∞ëÁΩë	:„Äê#ÂÖ®ÂõΩÈ´òÊ†°2020ÁßãÂ≠£ÂºÄÂ≠¶Êó∂Èó¥#„ÄëÂÖ®ÂõΩÂ§öÂú∞È´òÊ†°ÊòéÁ°Æ2020ÁßãÂ≠£ÂºÄÂ≠¶Êó∂Èó¥ÔºåÂø´Êù•ÁúãÁúãÊúâÊ≤°Êúâ‰Ω†ÁöÑÂ§ßÂ≠¶‚Üì‚Üì#ÂêÑÂú∞ÂºÄÂ≠¶ÊúÄÊñ∞Ê∂àÊÅØ#Ôºà‰∫∫Ê∞ëÁΩëÊïôËÇ≤È¢ëÈÅìÔºâ 	2020-08-17 18:15:03    	Ê≥ïÊ≤ªÂè†ÂΩ©	6373091382	Ê≥ïÊ≤ªÂè†ÂΩ©:„Äê#ÂÖ®ÂõΩÈ´òÊ†°2020ÁßãÂ≠£ÂºÄÂ≠¶Êó∂Èó¥#„ÄëÂÖ®ÂõΩÂ§öÂú∞È´òÊ†°ÊòéÁ°Æ2020ÁßãÂ≠£ÂºÄÂ≠¶Êó∂Èó¥ÔºåÂø´Êù•ÁúãÁúãÊúâÊ≤°Êúâ‰Ω†ÁöÑÂ§ßÂ≠¶‚Üì‚Üì#ÂêÑÂú∞ÂºÄÂ≠¶ÊúÄÊñ∞Ê∂àÊÅØ#	Ëµû[0]	2020-08-17 19:20:18	Êù•Ëá™Android
‰∫∫Ê∞ëÁΩë	:„Äê#ÂÖ®ÂõΩÈ´òÊ†°2020ÁßãÂ≠£ÂºÄÂ≠¶Êó∂Èó¥#„ÄëÂÖ®ÂõΩÂ§öÂú∞È´òÊ†°ÊòéÁ°Æ2020ÁßãÂ≠£ÂºÄÂ≠¶Êó∂Èó¥ÔºåÂø´Êù•ÁúãÁúãÊúâÊ≤°Êúâ‰Ω†ÁöÑÂ§ßÂ≠¶‚Üì‚Üì#ÂêÑÂú∞ÂºÄÂ≠¶ÊúÄÊñ∞Ê∂àÊÅØ#Ôºà‰∫∫Ê∞ëÁΩëÊïôËÇ≤È¢ëÈÅìÔºâ 	2020-08-17 18:15:03    	ÂºÄÂ∞ÅÂ∏ÇÁâπÊÆäÊïôËÇ≤Â≠¶Ê†°	2040325007	ÂºÄÂ∞ÅÂ∏ÇÁâπÊÆäÊïôËÇ≤Â≠¶Ê†°:ËΩ¨ÂèëÂæÆÂçö	Ëµû[0]	2020-08-17 19:11:34	Êù•Ëá™iPhoneÂÆ¢Êà∑Á´Ø
‰∫∫Ê∞ëÁΩë	:„Äê#ÂÖ®ÂõΩÈ´òÊ†°2020ÁßãÂ≠£ÂºÄÂ≠¶Êó∂Èó¥#„ÄëÂÖ®ÂõΩÂ§öÂú∞È´òÊ†°ÊòéÁ°Æ2020ÁßãÂ≠£ÂºÄÂ≠¶Êó∂Èó¥ÔºåÂø´Êù•ÁúãÁúãÊúâÊ≤°Êúâ‰Ω†ÁöÑÂ§ßÂ≠¶‚Üì‚Üì#ÂêÑÂú∞ÂºÄÂ≠¶ÊúÄÊñ∞Ê∂àÊÅØ#Ôºà‰∫∫Ê∞ëÁΩëÊïôËÇ≤È¢ëÈÅìÔºâ 	2020-08-17 18:15:03    	ÊàëÂïäÂ®ÅÁåõÂ•≥Â£´Áî®Ë∂ÖËÉΩ	7025590488	ÊàëÂïäÂ®ÅÁåõÂ•≥Â£´Áî®Ë∂ÖËÉΩ:Â°´‰∫ÜËä±Ê§íÔºåÊÉ≥Âéª	Ëµû[0]	2020-08-17 19:09:38	Êù•Ëá™nova7‰Ω†Âú®ÁÑ¶ÁÇπÂú®
‰∫∫Ê∞ëÁΩë	:„Äê#ÂÖ®ÂõΩÈ´òÊ†°2020ÁßãÂ≠£ÂºÄÂ≠¶Êó∂Èó¥#„ÄëÂÖ®ÂõΩÂ§öÂú∞È´òÊ†°ÊòéÁ°Æ2020ÁßãÂ≠£ÂºÄÂ≠¶Êó∂Èó¥ÔºåÂø´Êù•ÁúãÁúãÊúâÊ≤°Êúâ‰Ω†ÁöÑÂ§ßÂ≠¶‚Üì‚Üì#ÂêÑÂú∞ÂºÄÂ≠¶ÊúÄÊñ∞Ê∂àÊÅØ#Ôºà‰∫∫Ê∞ëÁΩëÊïôËÇ≤È¢ëÈÅìÔºâ 	2020-08-17 18:15:03    	ÂÖ∞Â∑ûÈùíÂπ¥	junpingyu	ÂÖ∞Â∑ûÈùíÂπ¥:ËΩ¨ÂèëÂæÆÂçö	Ëµû[0]	2020-08-17 19:08:36	Êù•Ëá™iPhoneÂÆ¢Êà∑Á´Ø
‰∫∫Ê∞ëÁΩë	:„Äê#ÂÖ®ÂõΩÈ´òÊ†°2020ÁßãÂ≠£ÂºÄÂ≠¶Êó∂Èó¥#„ÄëÂÖ®ÂõΩÂ§öÂú∞È´òÊ†°ÊòéÁ°Æ2020ÁßãÂ≠£ÂºÄÂ≠¶Êó∂Èó¥ÔºåÂø´Êù•ÁúãÁúãÊúâÊ≤°Êúâ‰Ω†ÁöÑÂ§ßÂ≠¶‚Üì‚Üì#ÂêÑÂú∞ÂºÄÂ≠¶ÊúÄÊñ∞Ê∂àÊÅØ#Ôºà‰∫∫Ê∞ëÁΩëÊïôËÇ≤È¢ëÈÅìÔºâ 	2020-08-17 18:15:03    	2020Âåó‰∫¨Âπ≥Ë∞∑‰∏ñÁïå‰ºëÈó≤Â§ß‰ºö	6367740101	2020Âåó‰∫¨Âπ≥Ë∞∑‰∏ñÁïå‰ºëÈó≤Â§ß‰ºö:ËΩ¨Â≠òÔºÅ	Ëµû[1]	2020-08-17 19:08:19	Êù•Ëá™360ÂÆâÂÖ®ÊµèËßàÂô®
‰∫∫Ê∞ëÁΩë	:„Äê#ÂÖ®ÂõΩÈ´òÊ†°2020ÁßãÂ≠£ÂºÄÂ≠¶Êó∂Èó¥#„ÄëÂÖ®ÂõΩÂ§öÂú∞È´òÊ†°ÊòéÁ°Æ2020ÁßãÂ≠£ÂºÄÂ≠¶Êó∂Èó¥ÔºåÂø´Êù•ÁúãÁúãÊúâÊ≤°Êúâ‰Ω†ÁöÑÂ§ßÂ≠¶‚Üì‚Üì#ÂêÑÂú∞ÂºÄÂ≠¶ÊúÄÊñ∞Ê∂àÊÅØ#Ôºà‰∫∫Ê∞ëÁΩëÊïôËÇ≤È¢ëÈÅìÔºâ 	2020-08-17 18:15:03    	ÊâãÊú∫Áî®Êà∑2132953753	2132953753	ÊâãÊú∫Áî®Êà∑2132953753:ËΩ¨ÂèëÂæÆÂçö	Ëµû[0]	2020-08-17 19:06:54	Êù•Ëá™ÂÖ®Â±èÂèåÊëÑ OPPO A5
‰∫∫Ê∞ëÁΩë	:„Äê#ÂÖ®ÂõΩÈ´òÊ†°2020ÁßãÂ≠£ÂºÄÂ≠¶Êó∂Èó¥#„ÄëÂÖ®ÂõΩÂ§öÂú∞È´òÊ†°ÊòéÁ°Æ2020ÁßãÂ≠£ÂºÄÂ≠¶Êó∂Èó¥ÔºåÂø´Êù•ÁúãÁúãÊúâÊ≤°Êúâ‰Ω†ÁöÑÂ§ßÂ≠¶‚Üì‚Üì#ÂêÑÂú∞ÂºÄÂ≠¶ÊúÄÊñ∞Ê∂àÊÅØ#Ôºà‰∫∫Ê∞ëÁΩëÊïôËÇ≤È¢ëÈÅìÔºâ 	2020-08-17 18:15:03    	‰Ω†‰πüËµ∞‰∫ÜÂæàËøúÁöÑË∑ØÂë¢	5379280064	‰Ω†‰πüËµ∞‰∫ÜÂæàËøúÁöÑË∑ØÂë¢:‰∏äÊµ∑ËÉΩ‰∏çËÉΩÊêûÂø´ÁÇπ	Ëµû[0]	2020-08-17 19:50:14	Êù•Ëá™iPhoneÂÆ¢Êà∑Á´Ø
‰∫∫Ê∞ëÁΩë	:„Äê#ÂÖ®ÂõΩÈ´òÊ†°2020ÁßãÂ≠£ÂºÄÂ≠¶Êó∂Èó¥#„ÄëÂÖ®ÂõΩÂ§öÂú∞È´òÊ†°ÊòéÁ°Æ2020ÁßãÂ≠£ÂºÄÂ≠¶Êó∂Èó¥ÔºåÂø´Êù•ÁúãÁúãÊúâÊ≤°Êúâ‰Ω†ÁöÑÂ§ßÂ≠¶‚Üì‚Üì#ÂêÑÂú∞ÂºÄÂ≠¶ÊúÄÊñ∞Ê∂àÊÅØ#Ôºà‰∫∫Ê∞ëÁΩëÊïôËÇ≤È¢ëÈÅìÔºâ 	2020-08-17 18:15:03    	Èù¢ÂâçÁöÑÊµ∑ÊòØÊ∞¥	7012118059	Èù¢ÂâçÁöÑÊµ∑ÊòØÊ∞¥:ËΩ¨ÂèëÂæÆÂçö	Ëµû[0]	2020-08-17 19:46:23	Êù•Ëá™Ëç£ËÄÄ 9X
‰∫∫Ê∞ëÁΩë	:„Äê#ÂÖ®ÂõΩÈ´òÊ†°2020ÁßãÂ≠£ÂºÄÂ≠¶Êó∂Èó¥#„ÄëÂÖ®ÂõΩÂ§öÂú∞È´òÊ†°ÊòéÁ°Æ2020ÁßãÂ≠£ÂºÄÂ≠¶Êó∂Èó¥ÔºåÂø´Êù•ÁúãÁúãÊúâÊ≤°Êúâ‰Ω†ÁöÑÂ§ßÂ≠¶‚Üì‚Üì#ÂêÑÂú∞ÂºÄÂ≠¶ÊúÄÊñ∞Ê∂àÊÅØ#Ôºà‰∫∫Ê∞ëÁΩëÊïôËÇ≤È¢ëÈÅìÔºâ 	2020-08-17 18:15:03    	ÂáâÂ≠ê‰∏çÂêÉËë±	5535796606	ÂáâÂ≠ê‰∏çÂêÉËë±:ËΩ¨ÂèëÂæÆÂçö	Ëµû[0]	2020-08-17 19:46:15	Êù•Ëá™HUAWEI nova 2s
‰∫∫Ê∞ëÁΩë	:„Äê#ÂÖ®ÂõΩÈ´òÊ†°2020ÁßãÂ≠£ÂºÄÂ≠¶Êó∂Èó¥#„ÄëÂÖ®ÂõΩÂ§öÂú∞È´òÊ†°ÊòéÁ°Æ2020ÁßãÂ≠£ÂºÄÂ≠¶Êó∂Èó¥ÔºåÂø´Êù•ÁúãÁúãÊúâÊ≤°Êúâ‰Ω†ÁöÑÂ§ßÂ≠¶‚Üì‚Üì#ÂêÑÂú∞ÂºÄÂ≠¶ÊúÄÊñ∞Ê∂àÊÅØ#Ôºà‰∫∫Ê∞ëÁΩëÊïôËÇ≤È¢ëÈÅìÔºâ 	2020-08-17 18:15:03    	ËßÇÈõ®Âê¨Ëç∑_950	2605634353	ËßÇÈõ®Âê¨Ëç∑_950:ËΩ¨ÂèëÂæÆÂçö	Ëµû[0]	2020-08-17 19:42:55	Êù•Ëá™HUAWEI P40 Pro 5G
‰∫∫Ê∞ëÁΩë	:„Äê#ÂÖ®ÂõΩÈ´òÊ†°2020ÁßãÂ≠£ÂºÄÂ≠¶Êó∂Èó¥#„ÄëÂÖ®ÂõΩÂ§öÂú∞È´òÊ†°ÊòéÁ°Æ2020ÁßãÂ≠£ÂºÄÂ≠¶Êó∂Èó¥ÔºåÂø´Êù•ÁúãÁúãÊúâÊ≤°Êúâ‰Ω†ÁöÑÂ§ßÂ≠¶‚Üì‚Üì#ÂêÑÂú∞ÂºÄÂ≠¶ÊúÄÊñ∞Ê∂àÊÅØ#Ôºà‰∫∫Ê∞ëÁΩëÊïôËÇ≤È¢ëÈÅìÔºâ 	2020-08-17 18:15:03    	Ê§∞Â•∂Â∏É‰∏ÅÂ†°	5505468815	Ê§∞Â•∂Â∏É‰∏ÅÂ†°:Ê≤°ÊÉ≥Âà∞ÊàëÁ´üÁÑ∂ÊòØÂú®‰∫∫Ê∞ëÁΩëÁúãÂà∞ÁöÑÂºÄÂ≠¶ÈÄöÁü• ‰πü‰∏çÁü•ÈÅìÂáÜ‰∏çÂáÜ	Ëµû[0]	2020-08-17 19:40:55	Êù•Ëá™HUAWEI P20 Pro
‰∫∫Ê∞ëÁΩë	:„Äê#ÂÖ®ÂõΩÈ´òÊ†°2020ÁßãÂ≠£ÂºÄÂ≠¶Êó∂Èó¥#„ÄëÂÖ®ÂõΩÂ§öÂú∞È´òÊ†°ÊòéÁ°Æ2020ÁßãÂ≠£ÂºÄÂ≠¶Êó∂Èó¥ÔºåÂø´Êù•ÁúãÁúãÊúâÊ≤°Êúâ‰Ω†ÁöÑÂ§ßÂ≠¶‚Üì‚Üì#ÂêÑÂú∞ÂºÄÂ≠¶ÊúÄÊñ∞Ê∂àÊÅØ#Ôºà‰∫∫Ê∞ëÁΩëÊïôËÇ≤È¢ëÈÅìÔºâ 	2020-08-17 18:15:03    	Ê∏ÖÂπΩËñÑËç∑Âë≥	5303781990	Ê∏ÖÂπΩËñÑËç∑Âë≥:ËΩ¨ÂèëÂæÆÂçö	Ëµû[0]	2020-08-17 19:34:32	Êù•Ëá™AndroidÂÆ¢Êà∑Á´Ø
‰∫∫Ê∞ëÁΩë	:„Äê#ÂÖ®ÂõΩÈ´òÊ†°2020ÁßãÂ≠£ÂºÄÂ≠¶Êó∂Èó¥#„ÄëÂÖ®ÂõΩÂ§öÂú∞È´òÊ†°ÊòéÁ°Æ2020ÁßãÂ≠£ÂºÄÂ≠¶Êó∂Èó¥ÔºåÂø´Êù•ÁúãÁúãÊúâÊ≤°Êúâ‰Ω†ÁöÑÂ§ßÂ≠¶‚Üì‚Üì#ÂêÑÂú∞ÂºÄÂ≠¶ÊúÄÊñ∞Ê∂àÊÅØ#Ôºà‰∫∫Ê∞ëÁΩëÊïôËÇ≤È¢ëÈÅìÔºâ 	2020-08-17 18:15:03    	ÂêõÊ≠£ÂÇ≤	2170723994	ÂêõÊ≠£ÂÇ≤:ËΩ¨ÂèëÂæÆÂçö	Ëµû[0]	2020-08-17 19:34:31	Êù•Ëá™Âçé‰∏∫Ascend Mate7
‰∫∫Ê∞ëÁΩë	:„Äê#ÂÖ®ÂõΩÈ´òÊ†°2020ÁßãÂ≠£ÂºÄÂ≠¶Êó∂Èó¥#„ÄëÂÖ®ÂõΩÂ§öÂú∞È´òÊ†°ÊòéÁ°Æ2020ÁßãÂ≠£ÂºÄÂ≠¶Êó∂Èó¥ÔºåÂø´Êù•ÁúãÁúãÊúâÊ≤°Êúâ‰Ω†ÁöÑÂ§ßÂ≠¶‚Üì‚Üì#ÂêÑÂú∞ÂºÄÂ≠¶ÊúÄÊñ∞Ê∂àÊÅØ#Ôºà‰∫∫Ê∞ëÁΩëÊïôËÇ≤È¢ëÈÅìÔºâ 	2020-08-17 18:15:03    	Á´†‰ªÄ‰πàÈî¥	5600149564	Á´†‰ªÄ‰πàÈî¥:Ëøô‰πàÊó©ÂºÄÂ≠¶Âêó Â≠¶Ê†°ÂÆòÁΩëÈÉΩËøòÊ≤°Ê∂àÊÅØ 	Ëµû[0]	2020-08-17 19:31:09	Êù•Ëá™iPhoneÂÆ¢Êà∑Á´Ø
‰∫∫Ê∞ëÁΩë	:„Äê#ÂÖ®ÂõΩÈ´òÊ†°2020ÁßãÂ≠£ÂºÄÂ≠¶Êó∂Èó¥#„ÄëÂÖ®ÂõΩÂ§öÂú∞È´òÊ†°ÊòéÁ°Æ2020ÁßãÂ≠£ÂºÄÂ≠¶Êó∂Èó¥ÔºåÂø´Êù•ÁúãÁúãÊúâÊ≤°Êúâ‰Ω†ÁöÑÂ§ßÂ≠¶‚Üì‚Üì#ÂêÑÂú∞ÂºÄÂ≠¶ÊúÄÊñ∞Ê∂àÊÅØ#Ôºà‰∫∫Ê∞ëÁΩëÊïôËÇ≤È¢ëÈÅìÔºâ 	2020-08-17 18:15:03    	JiangÈ¢ÜÂÖã	6378802387	JiangÈ¢ÜÂÖã:ËΩ¨ÂèëÂæÆÂçö	Ëµû[1]	2020-08-17 19:58:38	Êù•Ëá™Âçé‰∏∫ÊâãÊú∫
‰∫∫Ê∞ëÁΩë	:„Äê#ÂÖ®ÂõΩÈ´òÊ†°2020ÁßãÂ≠£ÂºÄÂ≠¶Êó∂Èó¥#„ÄëÂÖ®ÂõΩÂ§öÂú∞È´òÊ†°ÊòéÁ°Æ2020ÁßãÂ≠£ÂºÄÂ≠¶Êó∂Èó¥ÔºåÂø´Êù•ÁúãÁúãÊúâÊ≤°Êúâ‰Ω†ÁöÑÂ§ßÂ≠¶‚Üì‚Üì#ÂêÑÂú∞ÂºÄÂ≠¶ÊúÄÊñ∞Ê∂àÊÅØ#Ôºà‰∫∫Ê∞ëÁΩëÊïôËÇ≤È¢ëÈÅìÔºâ 	2020-08-17 18:15:03    	Êú®Â≠êjessieÁßÄdeÁßòÂØÜËä±Âõ≠	2351899083	Êú®Â≠êjessieÁßÄdeÁßòÂØÜËä±Âõ≠:ËΩ¨ÂèëÂæÆÂçö	Ëµû[0]	2020-08-17 19:58:24	Êù•Ëá™OPPOÈöèÂÖâËÄåÂèòR17
‰∫∫Ê∞ëÁΩë	:„Äê#ÂÖ®ÂõΩÈ´òÊ†°2020ÁßãÂ≠£ÂºÄÂ≠¶Êó∂Èó¥#„ÄëÂÖ®ÂõΩÂ§öÂú∞È´òÊ†°ÊòéÁ°Æ2020ÁßãÂ≠£ÂºÄÂ≠¶Êó∂Èó¥ÔºåÂø´Êù•ÁúãÁúãÊúâÊ≤°Êúâ‰Ω†ÁöÑÂ§ßÂ≠¶‚Üì‚Üì#ÂêÑÂú∞ÂºÄÂ≠¶ÊúÄÊñ∞Ê∂àÊÅØ#Ôºà‰∫∫Ê∞ëÁΩëÊïôËÇ≤È¢ëÈÅìÔºâ 	2020-08-17 18:15:03    	ËÄÅÂ®òÁöÑÂ∞èÊã≥Êã≥	5981891508	ËÄÅÂ®òÁöÑÂ∞èÊã≥Êã≥:ÂÖÖÊª°Â∏åÊúõÁöÑÁÇπËøõÊù•Ôºå‰∏ÄËÑ∏ÁêÜÊâÄÂΩìÁÑ∂ÁöÑÁ¶ªÂºÄü§ó	Ëµû[0]	2020-08-17 19:57:45	Êù•Ëá™vivo X27
‰∫∫Ê∞ëÁΩë	:„Äê#ÂÖ®ÂõΩÈ´òÊ†°2020ÁßãÂ≠£ÂºÄÂ≠¶Êó∂Èó¥#„ÄëÂÖ®ÂõΩÂ§öÂú∞È´òÊ†°ÊòéÁ°Æ2020ÁßãÂ≠£ÂºÄÂ≠¶Êó∂Èó¥ÔºåÂø´Êù•ÁúãÁúãÊúâÊ≤°Êúâ‰Ω†ÁöÑÂ§ßÂ≠¶‚Üì‚Üì#ÂêÑÂú∞ÂºÄÂ≠¶ÊúÄÊñ∞Ê∂àÊÅØ#Ôºà‰∫∫Ê∞ëÁΩëÊïôËÇ≤È¢ëÈÅìÔºâ 	2020-08-17 18:15:03    	ÊñáÊòéÂ§ßÂÖ¥	2646882747	ÊñáÊòéÂ§ßÂÖ¥:„Äê#ÂÖ®ÂõΩÈ´òÊ†°2020ÁßãÂ≠£ÂºÄÂ≠¶Êó∂Èó¥#„ÄëÂÖ®ÂõΩÂ§öÂú∞È´òÊ†°ÊòéÁ°Æ2020ÁßãÂ≠£ÂºÄÂ≠¶Êó∂Èó¥ÔºåÂø´Êù•ÁúãÁúãÊúâÊ≤°Êúâ‰Ω†ÁöÑÂ§ßÂ≠¶‚Üì‚Üì#ÂêÑÂú∞ÂºÄÂ≠¶ÊúÄÊñ∞Ê∂àÊÅØ#Ôºà‰∫∫Ê∞ëÁΩëÊïôËÇ≤È¢ëÈÅìÔºâ	Ëµû[4]	2020-08-17 19:57:02	Êù•Ëá™iPhoneÂÆ¢Êà∑Á´Ø
‰∫∫Ê∞ëÁΩë	:„Äê#ÂÖ®ÂõΩÈ´òÊ†°2020ÁßãÂ≠£ÂºÄÂ≠¶Êó∂Èó¥#„ÄëÂÖ®ÂõΩÂ§öÂú∞È´òÊ†°ÊòéÁ°Æ2020ÁßãÂ≠£ÂºÄÂ≠¶Êó∂Èó¥ÔºåÂø´Êù•ÁúãÁúãÊúâÊ≤°Êúâ‰Ω†ÁöÑÂ§ßÂ≠¶‚Üì‚Üì#ÂêÑÂú∞ÂºÄÂ≠¶ÊúÄÊñ∞Ê∂àÊÅØ#Ôºà‰∫∫Ê∞ëÁΩëÊïôËÇ≤È¢ëÈÅìÔºâ 	2020-08-17 18:15:03    	Âåó‰∫¨Â§ßÂÖ¥Ê∂àÈò≤	5433898646	Âåó‰∫¨Â§ßÂÖ¥Ê∂àÈò≤:Èò≤Áñ´‰∏çÊùæÊáà„Äê#ÂÖ®ÂõΩÈ´òÊ†°2020ÁßãÂ≠£ÂºÄÂ≠¶Êó∂Èó¥#„ÄëÂÖ®ÂõΩÂ§öÂú∞È´òÊ†°ÊòéÁ°Æ2020ÁßãÂ≠£ÂºÄÂ≠¶Êó∂Èó¥ÔºåÂø´Êù•ÁúãÁúãÊúâÊ≤°Êúâ‰Ω†ÁöÑÂ§ßÂ≠¶‚Üì‚Üì#ÂêÑÂú∞ÂºÄÂ≠¶ÊúÄÊñ∞Ê∂àÊÅØ#Ôºà‰∫∫Ê∞ëÁΩëÊïôËÇ≤È¢ëÈÅìÔºâ	Ëµû[3]	2020-08-17 19:55:37	Êù•Ëá™HUAWEI Mate 20
‰∫∫Ê∞ëÁΩë	:„Äê#ÂÖ®ÂõΩÈ´òÊ†°2020ÁßãÂ≠£ÂºÄÂ≠¶Êó∂Èó¥#„ÄëÂÖ®ÂõΩÂ§öÂú∞È´òÊ†°ÊòéÁ°Æ2020ÁßãÂ≠£ÂºÄÂ≠¶Êó∂Èó¥ÔºåÂø´Êù•ÁúãÁúãÊúâÊ≤°Êúâ‰Ω†ÁöÑÂ§ßÂ≠¶‚Üì‚Üì#ÂêÑÂú∞ÂºÄÂ≠¶ÊúÄÊñ∞Ê∂àÊÅØ#Ôºà‰∫∫Ê∞ëÁΩëÊïôËÇ≤È¢ëÈÅìÔºâ 	2020-08-17 18:15:03    	ÊΩãÊªüËä±ËêΩ	6191070169	ÊΩãÊªüËä±ËêΩ:ËΩ¨ÂèëÂæÆÂçö	Ëµû[0]	2020-08-17 19:54:38	Êù•Ëá™iPhoneÂÆ¢Êà∑Á´Ø
‰∫∫Ê∞ëÁΩë	:„Äê#ÂÖ®ÂõΩÈ´òÊ†°2020ÁßãÂ≠£ÂºÄÂ≠¶Êó∂Èó¥#„ÄëÂÖ®ÂõΩÂ§öÂú∞È´òÊ†°ÊòéÁ°Æ2020ÁßãÂ≠£ÂºÄÂ≠¶Êó∂Èó¥ÔºåÂø´Êù•ÁúãÁúãÊúâÊ≤°Êúâ‰Ω†ÁöÑÂ§ßÂ≠¶‚Üì‚Üì#ÂêÑÂú∞ÂºÄÂ≠¶ÊúÄÊñ∞Ê∂àÊÅØ#Ôºà‰∫∫Ê∞ëÁΩëÊïôËÇ≤È¢ëÈÅìÔºâ 	2020-08-17 18:15:03    	leeÂÆ∂xiaoÂÜ∞	3176122410	leeÂÆ∂xiaoÂÜ∞:ËΩ¨ÂèëÂæÆÂçö	Ëµû[0]	2020-08-17 19:53:36	Êù•Ëá™iPhoneÂÆ¢Êà∑Á´Ø
‰∫∫Ê∞ëÁΩë	:„Äê#ÂÖ®ÂõΩÈ´òÊ†°2020ÁßãÂ≠£ÂºÄÂ≠¶Êó∂Èó¥#„ÄëÂÖ®ÂõΩÂ§öÂú∞È´òÊ†°ÊòéÁ°Æ2020ÁßãÂ≠£ÂºÄÂ≠¶Êó∂Èó¥ÔºåÂø´Êù•ÁúãÁúãÊúâÊ≤°Êúâ‰Ω†ÁöÑÂ§ßÂ≠¶‚Üì‚Üì#ÂêÑÂú∞ÂºÄÂ≠¶ÊúÄÊñ∞Ê∂àÊÅØ#Ôºà‰∫∫Ê∞ëÁΩëÊïôËÇ≤È¢ëÈÅìÔºâ 	2020-08-17 18:15:03    	Tay_Meredith13	5533576455	Tay_Meredith13:ËøôÊÄïÊòØÊàëÂ∑•Â§ßÂ§ß‰∏ÄÊñ∞ÁîüÂºÄÂ≠¶ÊúÄÊôöÁöÑ‰∏ÄÊ¨°‰∫ÜÂæÄÂπ¥ÈÉΩÊòØ8.20Êä•ÈÅì	Ëµû[0]	2020-08-17 20:00:07	Êù•Ëá™iPhoneÂÆ¢Êà∑Á´Ø
‰∫∫Ê∞ëÁΩë	:„Äê#ÂÖ®ÂõΩÈ´òÊ†°2020ÁßãÂ≠£ÂºÄÂ≠¶Êó∂Èó¥#„ÄëÂÖ®ÂõΩÂ§öÂú∞È´òÊ†°ÊòéÁ°Æ2020ÁßãÂ≠£ÂºÄÂ≠¶Êó∂Èó¥ÔºåÂø´Êù•ÁúãÁúãÊúâÊ≤°Êúâ‰Ω†ÁöÑÂ§ßÂ≠¶‚Üì‚Üì#ÂêÑÂú∞ÂºÄÂ≠¶ÊúÄÊñ∞Ê∂àÊÅØ#Ôºà‰∫∫Ê∞ëÁΩëÊïôËÇ≤È¢ëÈÅìÔºâ 	2020-08-17 18:15:03    	Ê∏ùÂçóÁïøÂåó	5576138113	Ê∏ùÂçóÁïøÂåó:ÊàëËøûÊàëË¢´Âì™‰∏™Â≠¶Ê†°ÂΩïÂèñÈÉΩ‰∏çÁü•ÈÅì	Ëµû[0]	2020-08-17 20:00:05	Êù•Ëá™nova7Pro‰Ω†Âú®ÁÑ¶ÁÇπÂú®
‰∫∫Ê∞ëÁΩë	:„Äê#ÂÖ®ÂõΩÈ´òÊ†°2020ÁßãÂ≠£ÂºÄÂ≠¶Êó∂Èó¥#„ÄëÂÖ®ÂõΩÂ§öÂú∞È´òÊ†°ÊòéÁ°Æ2020ÁßãÂ≠£ÂºÄÂ≠¶Êó∂Èó¥ÔºåÂø´Êù•ÁúãÁúãÊúâÊ≤°Êúâ‰Ω†ÁöÑÂ§ßÂ≠¶‚Üì‚Üì#ÂêÑÂú∞ÂºÄÂ≠¶ÊúÄÊñ∞Ê∂àÊÅØ#Ôºà‰∫∫Ê∞ëÁΩëÊïôËÇ≤È¢ëÈÅìÔºâ 	2020-08-17 18:15:03    	‰ºöÂèòÂ•Ω‰∏™Èî§Â≠ê	5234039328	‰ºöÂèòÂ•Ω‰∏™Èî§Â≠ê:ËΩ¨ÂèëÂæÆÂçö	Ëµû[0]	2020-08-17 19:59:53	Êù•Ëá™iPhoneÂÆ¢Êà∑Á´Ø
‰∫∫Ê∞ëÁΩë	:„Äê#ÂÖ®ÂõΩÈ´òÊ†°2020ÁßãÂ≠£ÂºÄÂ≠¶Êó∂Èó¥#„ÄëÂÖ®ÂõΩÂ§öÂú∞È´òÊ†°ÊòéÁ°Æ2020ÁßãÂ≠£ÂºÄÂ≠¶Êó∂Èó¥ÔºåÂø´Êù•ÁúãÁúãÊúâÊ≤°Êúâ‰Ω†ÁöÑÂ§ßÂ≠¶‚Üì‚Üì#ÂêÑÂú∞ÂºÄÂ≠¶ÊúÄÊñ∞Ê∂àÊÅØ#Ôºà‰∫∫Ê∞ëÁΩëÊïôËÇ≤È¢ëÈÅìÔºâ 	2020-08-17 18:15:03    	SeulssiÁæΩ	7209252421	SeulssiÁæΩ:Ê≤°Êúâ(>Ôπè<)	Ëµû[0]	2020-08-17 19:59:54	Êù•Ëá™Android
‰∫∫Ê∞ëÁΩë	:„Äê#ÂÖ®ÂõΩÈ´òÊ†°2020ÁßãÂ≠£ÂºÄÂ≠¶Êó∂Èó¥#„ÄëÂÖ®ÂõΩÂ§öÂú∞È´òÊ†°ÊòéÁ°Æ2020ÁßãÂ≠£ÂºÄÂ≠¶Êó∂Èó¥ÔºåÂø´Êù•ÁúãÁúãÊúâÊ≤°Êúâ‰Ω†ÁöÑÂ§ßÂ≠¶‚Üì‚Üì#ÂêÑÂú∞ÂºÄÂ≠¶ÊúÄÊñ∞Ê∂àÊÅØ#Ôºà‰∫∫Ê∞ëÁΩëÊïôËÇ≤È¢ëÈÅìÔºâ 	2020-08-17 18:15:03    	SCILLA-Y	5283956264	SCILLA-Y:Ê≤°Êúâ	Ëµû[0]	2020-08-17 19:59:42	Êù•Ëá™OPPO Reno3 5G
‰∫∫Ê∞ëÁΩë	:„Äê#ÂÖ®ÂõΩÈ´òÊ†°2020ÁßãÂ≠£ÂºÄÂ≠¶Êó∂Èó¥#„ÄëÂÖ®ÂõΩÂ§öÂú∞È´òÊ†°ÊòéÁ°Æ2020ÁßãÂ≠£ÂºÄÂ≠¶Êó∂Èó¥ÔºåÂø´Êù•ÁúãÁúãÊúâÊ≤°Êúâ‰Ω†ÁöÑÂ§ßÂ≠¶‚Üì‚Üì#ÂêÑÂú∞ÂºÄÂ≠¶ÊúÄÊñ∞Ê∂àÊÅØ#Ôºà‰∫∫Ê∞ëÁΩëÊïôËÇ≤È¢ëÈÅìÔºâ 	2020-08-17 18:15:03    	0ran9e	3538312681	0ran9e:ÂïäÔºüÊàë‰ª¨Â≠¶Ê†°ËøòÊ≤°ÂèëÈÄöÁü•È∏≠	Ëµû[2]	2020-08-17 19:59:18	Êù•Ëá™HUAWEI P20
‰∫∫Ê∞ëÁΩë	:„Äê#ÂÖ®ÂõΩÈ´òÊ†°2020ÁßãÂ≠£ÂºÄÂ≠¶Êó∂Èó¥#„ÄëÂÖ®ÂõΩÂ§öÂú∞È´òÊ†°ÊòéÁ°Æ2020ÁßãÂ≠£ÂºÄÂ≠¶Êó∂Èó¥ÔºåÂø´Êù•ÁúãÁúãÊúâÊ≤°Êúâ‰Ω†ÁöÑÂ§ßÂ≠¶‚Üì‚Üì#ÂêÑÂú∞ÂºÄÂ≠¶ÊúÄÊñ∞Ê∂àÊÅØ#Ôºà‰∫∫Ê∞ëÁΩëÊïôËÇ≤È¢ëÈÅìÔºâ 	2020-08-17 18:15:03    	ÂáØÁªøÂÜõ	6335238492	ÂáØÁªøÂÜõ:ËΩ¨ÂèëÂæÆÂçö	Ëµû[0]	2020-08-17 19:59:07	Êù•Ëá™OPPO R15 Ê¢¶ÈïúÁâà
‰∫∫Ê∞ëÁΩë	:„Äê#ÂÖ®ÂõΩÈ´òÊ†°2020ÁßãÂ≠£ÂºÄÂ≠¶Êó∂Èó¥#„ÄëÂÖ®ÂõΩÂ§öÂú∞È´òÊ†°ÊòéÁ°Æ2020ÁßãÂ≠£ÂºÄÂ≠¶Êó∂Èó¥ÔºåÂø´Êù•ÁúãÁúãÊúâÊ≤°Êúâ‰Ω†ÁöÑÂ§ßÂ≠¶‚Üì‚Üì#ÂêÑÂú∞ÂºÄÂ≠¶ÊúÄÊñ∞Ê∂àÊÅØ#Ôºà‰∫∫Ê∞ëÁΩëÊïôËÇ≤È¢ëÈÅìÔºâ 	2020-08-17 18:15:03    	Â§™Â¶ÉÁ≥ñ95	7354704802	Â§™Â¶ÉÁ≥ñ95:ËΩ¨ÂèëÂæÆÂçö	Ëµû[0]	2020-08-17 20:02:08	Êù•Ëá™nova7Pro‰Ω†Âú®ÁÑ¶ÁÇπÂú®
‰∫∫Ê∞ëÁΩë	:„Äê#ÂÖ®ÂõΩÈ´òÊ†°2020ÁßãÂ≠£ÂºÄÂ≠¶Êó∂Èó¥#„ÄëÂÖ®ÂõΩÂ§öÂú∞È´òÊ†°ÊòéÁ°Æ2020ÁßãÂ≠£ÂºÄÂ≠¶Êó∂Èó¥ÔºåÂø´Êù•ÁúãÁúãÊúâÊ≤°Êúâ‰Ω†ÁöÑÂ§ßÂ≠¶‚Üì‚Üì#ÂêÑÂú∞ÂºÄÂ≠¶ÊúÄÊñ∞Ê∂àÊÅØ#Ôºà‰∫∫Ê∞ëÁΩëÊïôËÇ≤È¢ëÈÅìÔºâ 	2020-08-17 18:15:03    	2021Êõ≤Â•áÈ•ºÂπ≤	5574844239	2021Êõ≤Â•áÈ•ºÂπ≤:ËΩ¨ÂèëÂæÆÂçö	Ëµû[0]	2020-08-17 20:01:47	Êù•Ëá™iPhoneÂÆ¢Êà∑Á´Ø
‰∫∫Ê∞ëÁΩë	:„Äê#ÂÖ®ÂõΩÈ´òÊ†°2020ÁßãÂ≠£ÂºÄÂ≠¶Êó∂Èó¥#„ÄëÂÖ®ÂõΩÂ§öÂú∞È´òÊ†°ÊòéÁ°Æ2020ÁßãÂ≠£ÂºÄÂ≠¶Êó∂Èó¥ÔºåÂø´Êù•ÁúãÁúãÊúâÊ≤°Êúâ‰Ω†ÁöÑÂ§ßÂ≠¶‚Üì‚Üì#ÂêÑÂú∞ÂºÄÂ≠¶ÊúÄÊñ∞Ê∂àÊÅØ#Ôºà‰∫∫Ê∞ëÁΩëÊïôËÇ≤È¢ëÈÅìÔºâ 	2020-08-17 18:15:03    	Â∞èËûÉËüπÊüØ	6680600303	Â∞èËûÉËüπÊüØ:ËΩ¨ÂèëÂæÆÂçö	Ëµû[0]	2020-08-17 20:01:36	Êù•Ëá™iPhoneÂÆ¢Êà∑Á´Ø
‰∫∫Ê∞ëÁΩë	:„Äê#ÂÖ®ÂõΩÈ´òÊ†°2020ÁßãÂ≠£ÂºÄÂ≠¶Êó∂Èó¥#„ÄëÂÖ®ÂõΩÂ§öÂú∞È´òÊ†°ÊòéÁ°Æ2020ÁßãÂ≠£ÂºÄÂ≠¶Êó∂Èó¥ÔºåÂø´Êù•ÁúãÁúãÊúâÊ≤°Êúâ‰Ω†ÁöÑÂ§ßÂ≠¶‚Üì‚Üì#ÂêÑÂú∞ÂºÄÂ≠¶ÊúÄÊñ∞Ê∂àÊÅØ#Ôºà‰∫∫Ê∞ëÁΩëÊïôËÇ≤È¢ëÈÅìÔºâ 	2020-08-17 18:15:03    	Â≠ùÊÑüÊó•Êä•	xgrbwb	Â≠ùÊÑüÊó•Êä•:„Äê#ÂÖ®ÂõΩÈ´òÊ†°2020ÁßãÂ≠£ÂºÄÂ≠¶Êó∂Èó¥#„Äë	Ëµû[1]	2020-08-17 20:01:34	Êù•Ëá™ÂæÆÂçö weibo.com
‰∫∫Ê∞ëÁΩë	:„Äê#ÂÖ®ÂõΩÈ´òÊ†°2020ÁßãÂ≠£ÂºÄÂ≠¶Êó∂Èó¥#„ÄëÂÖ®ÂõΩÂ§öÂú∞È´òÊ†°ÊòéÁ°Æ2020ÁßãÂ≠£ÂºÄÂ≠¶Êó∂Èó¥ÔºåÂø´Êù•ÁúãÁúãÊúâÊ≤°Êúâ‰Ω†ÁöÑÂ§ßÂ≠¶‚Üì‚Üì#ÂêÑÂú∞ÂºÄÂ≠¶ÊúÄÊñ∞Ê∂àÊÅØ#Ôºà‰∫∫Ê∞ëÁΩëÊïôËÇ≤È¢ëÈÅìÔºâ 	2020-08-17 18:15:03    	yoÊòØÂø´‰πêÂ∞èÊ±§	5847786381	yoÊòØÂø´‰πêÂ∞èÊ±§:ÂºÄÂ≠¶Êó∂Èó¥ËøòË¶ÅÊàë‰ª¨Âú®ÂæÆÂçöÁúãÂêóÔºüÂçéÁêÜ‰Ω†ÈÄöÁü•Âë¢Ôºü	Ëµû[1]	2020-08-17 20:01:24	Êù•Ëá™iPhone 8 Plus
‰∫∫Ê∞ëÁΩë	:„Äê#ÂÖ®ÂõΩÈ´òÊ†°2020ÁßãÂ≠£ÂºÄÂ≠¶Êó∂Èó¥#„ÄëÂÖ®ÂõΩÂ§öÂú∞È´òÊ†°ÊòéÁ°Æ2020ÁßãÂ≠£ÂºÄÂ≠¶Êó∂Èó¥ÔºåÂø´Êù•ÁúãÁúãÊúâÊ≤°Êúâ‰Ω†ÁöÑÂ§ßÂ≠¶‚Üì‚Üì#ÂêÑÂú∞ÂºÄÂ≠¶ÊúÄÊñ∞Ê∂àÊÅØ#Ôºà‰∫∫Ê∞ëÁΩëÊïôËÇ≤È¢ëÈÅìÔºâ 	2020-08-17 18:15:03    	Âõ†‰∏∫‰Ω†‰ª¨ÊâÄ‰ª•Êàë‰ª¨	5161129042	Âõ†‰∏∫‰Ω†‰ª¨ÊâÄ‰ª•Êàë‰ª¨:ËΩ¨ÂèëÂæÆÂçö	Ëµû[0]	2020-08-17 20:00:54	Êù•Ëá™iPhoneÂÆ¢Êà∑Á´Ø
‰∫∫Ê∞ëÁΩë	:„Äê#ÂÖ®ÂõΩÈ´òÊ†°2020ÁßãÂ≠£ÂºÄÂ≠¶Êó∂Èó¥#„ÄëÂÖ®ÂõΩÂ§öÂú∞È´òÊ†°ÊòéÁ°Æ2020ÁßãÂ≠£ÂºÄÂ≠¶Êó∂Èó¥ÔºåÂø´Êù•ÁúãÁúãÊúâÊ≤°Êúâ‰Ω†ÁöÑÂ§ßÂ≠¶‚Üì‚Üì#ÂêÑÂú∞ÂºÄÂ≠¶ÊúÄÊñ∞Ê∂àÊÅØ#Ôºà‰∫∫Ê∞ëÁΩëÊïôËÇ≤È¢ëÈÅìÔºâ 	2020-08-17 18:15:03    	ÊÉ≥ÂêÉ‰∏ÄÂùóÁîúÈ•ºÂπ≤	6275347118	ÊÉ≥ÂêÉ‰∏ÄÂùóÁîúÈ•ºÂπ≤:Ê≤≥ÂåóÂ∑•Á®ãÂ§ßÂ≠¶‰πüÊ≤°ËØ¥‰∏™ËøîÊ†°ÊñπÊ°àÂ∞±ËøôÊ†∑Â∞±ÂºÄ‰∫ÜÔºüÔºüÔºü	Ëµû[0]	2020-08-17 20:00:37	Êù•Ëá™iPhoneÂÆ¢Êà∑Á´Ø
‰∫∫Ê∞ëÁΩë	:„Äê#ÂÖ®ÂõΩÈ´òÊ†°2020ÁßãÂ≠£ÂºÄÂ≠¶Êó∂Èó¥#„ÄëÂÖ®ÂõΩÂ§öÂú∞È´òÊ†°ÊòéÁ°Æ2020ÁßãÂ≠£ÂºÄÂ≠¶Êó∂Èó¥ÔºåÂø´Êù•ÁúãÁúãÊúâÊ≤°Êúâ‰Ω†ÁöÑÂ§ßÂ≠¶‚Üì‚Üì#ÂêÑÂú∞ÂºÄÂ≠¶ÊúÄÊñ∞Ê∂àÊÅØ#Ôºà‰∫∫Ê∞ëÁΩëÊïôËÇ≤È¢ëÈÅìÔºâ 	2020-08-17 18:15:03    	ÈáëÊ≤ôÊ£ÄÂØü	5623238595	ÈáëÊ≤ôÊ£ÄÂØü:ËΩ¨ÂèëÂæÆÂçö	Ëµû[0]	2020-08-17 20:03:35	Êù•Ëá™HUAWEI P20 Pro
‰∫∫Ê∞ëÁΩë	:„Äê#ÂÖ®ÂõΩÈ´òÊ†°2020ÁßãÂ≠£ÂºÄÂ≠¶Êó∂Èó¥#„ÄëÂÖ®ÂõΩÂ§öÂú∞È´òÊ†°ÊòéÁ°Æ2020ÁßãÂ≠£ÂºÄÂ≠¶Êó∂Èó¥ÔºåÂø´Êù•ÁúãÁúãÊúâÊ≤°Êúâ‰Ω†ÁöÑÂ§ßÂ≠¶‚Üì‚Üì#ÂêÑÂú∞ÂºÄÂ≠¶ÊúÄÊñ∞Ê∂àÊÅØ#Ôºà‰∫∫Ê∞ëÁΩëÊïôËÇ≤È¢ëÈÅìÔºâ 	2020-08-17 18:15:03    	Áúü‰∏çÁü•ÈÅìÊòµÁß∞ÂèØ‰ª•ÊîπÊàê‰ªÄ‰πà	3552538200	Áúü‰∏çÁü•ÈÅìÊòµÁß∞ÂèØ‰ª•ÊîπÊàê‰ªÄ‰πà:ËΩ¨ÂèëÂæÆÂçö	Ëµû[0]	2020-08-17 20:03:12	Êù•Ëá™nova6 Ëá™ÊãçÂ§ß‰∏ç‰∏ÄÊ†∑
‰∫∫Ê∞ëÁΩë	:„Äê#ÂÖ®ÂõΩÈ´òÊ†°2020ÁßãÂ≠£ÂºÄÂ≠¶Êó∂Èó¥#„ÄëÂÖ®ÂõΩÂ§öÂú∞È´òÊ†°ÊòéÁ°Æ2020ÁßãÂ≠£ÂºÄÂ≠¶Êó∂Èó¥ÔºåÂø´Êù•ÁúãÁúãÊúâÊ≤°Êúâ‰Ω†ÁöÑÂ§ßÂ≠¶‚Üì‚Üì#ÂêÑÂú∞ÂºÄÂ≠¶ÊúÄÊñ∞Ê∂àÊÅØ#Ôºà‰∫∫Ê∞ëÁΩëÊïôËÇ≤È¢ëÈÅìÔºâ 	2020-08-17 18:15:03    	Ëê±yo-	5514430076	Ëê±yo-:ËΩ¨ÂèëÂæÆÂçö	Ëµû[1]	2020-08-17 20:03:03	Êù•Ëá™iPhoneÂÆ¢Êà∑Á´Ø
‰∫∫Ê∞ëÁΩë	:„Äê#ÂÖ®ÂõΩÈ´òÊ†°2020ÁßãÂ≠£ÂºÄÂ≠¶Êó∂Èó¥#„ÄëÂÖ®ÂõΩÂ§öÂú∞È´òÊ†°ÊòéÁ°Æ2020ÁßãÂ≠£ÂºÄÂ≠¶Êó∂Èó¥ÔºåÂø´Êù•ÁúãÁúãÊúâÊ≤°Êúâ‰Ω†ÁöÑÂ§ßÂ≠¶‚Üì‚Üì#ÂêÑÂú∞ÂºÄÂ≠¶ÊúÄÊñ∞Ê∂àÊÅØ#Ôºà‰∫∫Ê∞ëÁΩëÊïôËÇ≤È¢ëÈÅìÔºâ 	2020-08-17 18:15:03    	ÊùéÊüê‰∫∫ÁöÑÊ¨£	7009837498	ÊùéÊüê‰∫∫ÁöÑÊ¨£:ËΩ¨ÂèëÂæÆÂçö	Ëµû[0]	2020-08-17 20:02:59	Êù•Ëá™nova7‰Ω†Âú®ÁÑ¶ÁÇπÂú®
‰∫∫Ê∞ëÁΩë	:„Äê#ÂÖ®ÂõΩÈ´òÊ†°2020ÁßãÂ≠£ÂºÄÂ≠¶Êó∂Èó¥#„ÄëÂÖ®ÂõΩÂ§öÂú∞È´òÊ†°ÊòéÁ°Æ2020ÁßãÂ≠£ÂºÄÂ≠¶Êó∂Èó¥ÔºåÂø´Êù•ÁúãÁúãÊúâÊ≤°Êúâ‰Ω†ÁöÑÂ§ßÂ≠¶‚Üì‚Üì#ÂêÑÂú∞ÂºÄÂ≠¶ÊúÄÊñ∞Ê∂àÊÅØ#Ôºà‰∫∫Ê∞ëÁΩëÊïôËÇ≤È¢ëÈÅìÔºâ 	2020-08-17 18:15:03    	ÂèØÁõê‰πü‰πüÁîú	6615237710	ÂèØÁõê‰πü‰πüÁîú:ËΩ¨ÂèëÂæÆÂçö	Ëµû[0]	2020-08-17 20:02:52	Êù•Ëá™Ëç£ËÄÄ20
‰∫∫Ê∞ëÁΩë	:„Äê#ÂÖ®ÂõΩÈ´òÊ†°2020ÁßãÂ≠£ÂºÄÂ≠¶Êó∂Èó¥#„ÄëÂÖ®ÂõΩÂ§öÂú∞È´òÊ†°ÊòéÁ°Æ2020ÁßãÂ≠£ÂºÄÂ≠¶Êó∂Èó¥ÔºåÂø´Êù•ÁúãÁúãÊúâÊ≤°Êúâ‰Ω†ÁöÑÂ§ßÂ≠¶‚Üì‚Üì#ÂêÑÂú∞ÂºÄÂ≠¶ÊúÄÊñ∞Ê∂àÊÅØ#Ôºà‰∫∫Ê∞ëÁΩëÊïôËÇ≤È¢ëÈÅìÔºâ 	2020-08-17 18:15:03    	Ê∑±Â§úËâ∫ÊúØÂÆ∂k	6204023116	Ê∑±Â§úËâ∫ÊúØÂÆ∂k:ÊúÄÊôöÂºÄÂ≠¶üêÇüç∫	Ëµû[0]	2020-08-17 20:02:44	Êù•Ëá™iPhoneÂÆ¢Êà∑Á´Ø
‰∫∫Ê∞ëÁΩë	:„Äê#ÂÖ®ÂõΩÈ´òÊ†°2020ÁßãÂ≠£ÂºÄÂ≠¶Êó∂Èó¥#„ÄëÂÖ®ÂõΩÂ§öÂú∞È´òÊ†°ÊòéÁ°Æ2020ÁßãÂ≠£ÂºÄÂ≠¶Êó∂Èó¥ÔºåÂø´Êù•ÁúãÁúãÊúâÊ≤°Êúâ‰Ω†ÁöÑÂ§ßÂ≠¶‚Üì‚Üì#ÂêÑÂú∞ÂºÄÂ≠¶ÊúÄÊñ∞Ê∂àÊÅØ#Ôºà‰∫∫Ê∞ëÁΩëÊïôËÇ≤È¢ëÈÅìÔºâ 	2020-08-17 18:15:03    	Ê≠Ü‰πÖÁíÉËåâ	5987076661	Ê≠Ü‰πÖÁíÉËåâ:ËΩ¨ÂèëÂæÆÂçö	Ëµû[0]	2020-08-17 20:02:39	Êù•Ëá™Ëç£ËÄÄV30 5G
‰∫∫Ê∞ëÁΩë	:„Äê#ÂÖ®ÂõΩÈ´òÊ†°2020ÁßãÂ≠£ÂºÄÂ≠¶Êó∂Èó¥#„ÄëÂÖ®ÂõΩÂ§öÂú∞È´òÊ†°ÊòéÁ°Æ2020ÁßãÂ≠£ÂºÄÂ≠¶Êó∂Èó¥ÔºåÂø´Êù•ÁúãÁúãÊúâÊ≤°Êúâ‰Ω†ÁöÑÂ§ßÂ≠¶‚Üì‚Üì#ÂêÑÂú∞ÂºÄÂ≠¶ÊúÄÊñ∞Ê∂àÊÅØ#Ôºà‰∫∫Ê∞ëÁΩëÊïôËÇ≤È¢ëÈÅìÔºâ 	2020-08-17 18:15:03    	Áî®Êà∑6465278506	6465278506	Áî®Êà∑6465278506:ËΩ¨ÂèëÂæÆÂçö	Ëµû[0]	2020-08-17 20:06:11	Êù•Ëá™Ëç£ËÄÄ10 AIÂèòËâ≤Êõ¥ÊΩÆÁæé
‰∫∫Ê∞ëÁΩë	:„Äê#ÂÖ®ÂõΩÈ´òÊ†°2020ÁßãÂ≠£ÂºÄÂ≠¶Êó∂Èó¥#„ÄëÂÖ®ÂõΩÂ§öÂú∞È´òÊ†°ÊòéÁ°Æ2020ÁßãÂ≠£ÂºÄÂ≠¶Êó∂Èó¥ÔºåÂø´Êù•ÁúãÁúãÊúâÊ≤°Êúâ‰Ω†ÁöÑÂ§ßÂ≠¶‚Üì‚Üì#ÂêÑÂú∞ÂºÄÂ≠¶ÊúÄÊñ∞Ê∂àÊÅØ#Ôºà‰∫∫Ê∞ëÁΩëÊïôËÇ≤È¢ëÈÅìÔºâ 	2020-08-17 18:15:03    	Â∞èÁ≤óËÖøÂßëÂ®òÊÄªÊúâ‰∏ÄÂ§©ËÉΩÂèòÁªÜ	2368760881	Â∞èÁ≤óËÖøÂßëÂ®òÊÄªÊúâ‰∏ÄÂ§©ËÉΩÂèòÁªÜ:ËΩ¨ÂèëÂæÆÂçö	Ëµû[0]	2020-08-17 20:05:57	Êù•Ëá™Ëç£ËÄÄ7X ÂÖ®Èù¢Â±èÊâãÊú∫
‰∫∫Ê∞ëÁΩë	:„Äê#ÂÖ®ÂõΩÈ´òÊ†°2020ÁßãÂ≠£ÂºÄÂ≠¶Êó∂Èó¥#„ÄëÂÖ®ÂõΩÂ§öÂú∞È´òÊ†°ÊòéÁ°Æ2020ÁßãÂ≠£ÂºÄÂ≠¶Êó∂Èó¥ÔºåÂø´Êù•ÁúãÁúãÊúâÊ≤°Êúâ‰Ω†ÁöÑÂ§ßÂ≠¶‚Üì‚Üì#ÂêÑÂú∞ÂºÄÂ≠¶ÊúÄÊñ∞Ê∂àÊÅØ#Ôºà‰∫∫Ê∞ëÁΩëÊïôËÇ≤È¢ëÈÅìÔºâ 	2020-08-17 18:15:03    	Á†¥È¶ãÂßêÂ¶π	5726367346	Á†¥È¶ãÂßêÂ¶π:@Â∞èÂ∞èÂ∞èÂ§™Èò≥Greeting   Âõæ‰∏Ä 	Ëµû[0]	2020-08-17 20:05:45	Êù•Ëá™Â∞èÁ±≥9
‰∫∫Ê∞ëÁΩë	:„Äê#ÂÖ®ÂõΩÈ´òÊ†°2020ÁßãÂ≠£ÂºÄÂ≠¶Êó∂Èó¥#„ÄëÂÖ®ÂõΩÂ§öÂú∞È´òÊ†°ÊòéÁ°Æ2020ÁßãÂ≠£ÂºÄÂ≠¶Êó∂Èó¥ÔºåÂø´Êù•ÁúãÁúãÊúâÊ≤°Êúâ‰Ω†ÁöÑÂ§ßÂ≠¶‚Üì‚Üì#ÂêÑÂú∞ÂºÄÂ≠¶ÊúÄÊñ∞Ê∂àÊÅØ#Ôºà‰∫∫Ê∞ëÁΩëÊïôËÇ≤È¢ëÈÅìÔºâ 	2020-08-17 18:15:03    	ÂçìÂ∞î‰∏çÂá°ZF	5622278573	ÂçìÂ∞î‰∏çÂá°ZF:ËΩ¨ÂèëÂæÆÂçö	Ëµû[0]	2020-08-17 20:05:46	Êù•Ëá™HUAWEI P40 5G
‰∫∫Ê∞ëÁΩë	:„Äê#ÂÖ®ÂõΩÈ´òÊ†°2020ÁßãÂ≠£ÂºÄÂ≠¶Êó∂Èó¥#„ÄëÂÖ®ÂõΩÂ§öÂú∞È´òÊ†°ÊòéÁ°Æ2020ÁßãÂ≠£ÂºÄÂ≠¶Êó∂Èó¥ÔºåÂø´Êù•ÁúãÁúãÊúâÊ≤°Êúâ‰Ω†ÁöÑÂ§ßÂ≠¶‚Üì‚Üì#ÂêÑÂú∞ÂºÄÂ≠¶ÊúÄÊñ∞Ê∂àÊÅØ#Ôºà‰∫∫Ê∞ëÁΩëÊïôËÇ≤È¢ëÈÅìÔºâ 	2020-08-17 18:15:03    	ÂíñÂï°È£òÈ¶ôAA	2035864831	ÂíñÂï°È£òÈ¶ôAA:ÊöëÂÅáËøô‰πàÂø´Â∞±ÁªìÊùü‰∫Ü	Ëµû[0]	2020-08-17 20:05:45	Êù•Ëá™OPPO R15 Ê¢¶ÈïúÁâà
‰∫∫Ê∞ëÁΩë	:„Äê#ÂÖ®ÂõΩÈ´òÊ†°2020ÁßãÂ≠£ÂºÄÂ≠¶Êó∂Èó¥#„ÄëÂÖ®ÂõΩÂ§öÂú∞È´òÊ†°ÊòéÁ°Æ2020ÁßãÂ≠£ÂºÄÂ≠¶Êó∂Èó¥ÔºåÂø´Êù•ÁúãÁúãÊúâÊ≤°Êúâ‰Ω†ÁöÑÂ§ßÂ≠¶‚Üì‚Üì#ÂêÑÂú∞ÂºÄÂ≠¶ÊúÄÊñ∞Ê∂àÊÅØ#Ôºà‰∫∫Ê∞ëÁΩëÊïôËÇ≤È¢ëÈÅìÔºâ 	2020-08-17 18:15:03    	Oxygyxen	6058582354	Oxygyxen:Êä•‰πü‰∏çÊä• ËøòÂºÄÈÇ£‰πàÊó© ËééÁ†ÅÁé©ÊÑèÂÑø	Ëµû[0]	2020-08-17 20:04:45	Êù•Ëá™iPhoneÂÆ¢Êà∑Á´Ø
‰∫∫Ê∞ëÁΩë	:„Äê#ÂÖ®ÂõΩÈ´òÊ†°2020ÁßãÂ≠£ÂºÄÂ≠¶Êó∂Èó¥#„ÄëÂÖ®ÂõΩÂ§öÂú∞È´òÊ†°ÊòéÁ°Æ2020ÁßãÂ≠£ÂºÄÂ≠¶Êó∂Èó¥ÔºåÂø´Êù•ÁúãÁúãÊúâÊ≤°Êúâ‰Ω†ÁöÑÂ§ßÂ≠¶‚Üì‚Üì#ÂêÑÂú∞ÂºÄÂ≠¶ÊúÄÊñ∞Ê∂àÊÅØ#Ôºà‰∫∫Ê∞ëÁΩëÊïôËÇ≤È¢ëÈÅìÔºâ 	2020-08-17 18:15:03    	‰πùÈáëÁôΩÂ∑æ	3836820999	‰πùÈáëÁôΩÂ∑æ:Âï•ÂïäÔºüÂ∞±Êàë‰∏Ä‰∏™Â≠¶Ê†°ÂºÄ‰∫ÜÔºüÊ≤°ÊúâÈÄöÁü•Âïä	Ëµû[0]	2020-08-17 20:04:34	Êù•Ëá™HUAWEI P40 Pro 5G
‰∫∫Ê∞ëÁΩë	:„Äê#ÂÖ®ÂõΩÈ´òÊ†°2020ÁßãÂ≠£ÂºÄÂ≠¶Êó∂Èó¥#„ÄëÂÖ®ÂõΩÂ§öÂú∞È´òÊ†°ÊòéÁ°Æ2020ÁßãÂ≠£ÂºÄÂ≠¶Êó∂Èó¥ÔºåÂø´Êù•ÁúãÁúãÊúâÊ≤°Êúâ‰Ω†ÁöÑÂ§ßÂ≠¶‚Üì‚Üì#ÂêÑÂú∞ÂºÄÂ≠¶ÊúÄÊñ∞Ê∂àÊÅØ#Ôºà‰∫∫Ê∞ëÁΩëÊïôËÇ≤È¢ëÈÅìÔºâ 	2020-08-17 18:15:03    	Carrie2633	2646575820	Carrie2633:ÊèíÁîªÊúâÁÇπÂ•ΩÁúãÂô¢	Ëµû[0]	2020-08-17 20:04:27	Êù•Ëá™Ëç£ËÄÄ10 AIÂèòËâ≤Êõ¥ÊΩÆÁæé
